Date,Close
11/18/2010 16:00:00,34.19
11/19/2010 16:00:00,34.26
11/22/2010 16:00:00,34.08
11/23/2010 16:00:00,33.25
11/24/2010 16:00:00,33.48
11/26/2010 16:00:00,33.8
11/29/2010 16:00:00,33.8
11/30/2010 16:00:00,34.2
12/1/2010 16:00:00,34.78
12/2/2010 16:00:00,34.68
12/3/2010 16:00:00,34.55
12/6/2010 16:00:00,34.48
12/7/2010 16:00:00,34.68
12/8/2010 16:00:00,34.45
12/9/2010 16:00:00,33.74
12/10/2010 16:00:00,33.81
12/13/2010 16:00:00,33.8
12/14/2010 16:00:00,33.89
12/15/2010 16:00:00,33.61
12/16/2010 16:00:00,33.61
12/17/2010 16:00:00,34
12/20/2010 16:00:00,33.76
12/21/2010 16:00:00,33.85
12/22/2010 16:00:00,34.92
12/23/2010 16:00:00,34.81
12/27/2010 16:00:00,34.6
12/28/2010 16:00:00,35.32
12/29/2010 16:00:00,36.02
12/30/2010 16:00:00,36.82
12/31/2010 16:00:00,36.86
1/3/2011 16:00:00,37.06
1/4/2011 16:00:00,37.9
1/5/2011 16:00:00,38.07
1/6/2011 16:00:00,38.9
1/7/2011 16:00:00,38.98
1/10/2011 16:00:00,38.56
1/11/2011 16:00:00,38.75
1/12/2011 16:00:00,38.62
1/13/2011 16:00:00,38.27
1/14/2011 16:00:00,38.2
1/18/2011 16:00:00,38.03
1/19/2011 16:00:00,37.4
1/20/2011 16:00:00,37.18
1/21/2011 16:00:00,37.24
1/24/2011 16:00:00,37.64
1/25/2011 16:00:00,38.4
1/26/2011 16:00:00,37.89
1/27/2011 16:00:00,38.67
1/28/2011 16:00:00,36.6
1/31/2011 16:00:00,36.49
2/1/2011 16:00:00,36.45
2/2/2011 16:00:00,35.68
2/3/2011 16:00:00,36.06
2/4/2011 16:00:00,36.59
2/7/2011 16:00:00,36.7
2/8/2011 16:00:00,36.89
2/9/2011 16:00:00,36.41
2/10/2011 16:00:00,35.88
2/11/2011 16:00:00,36.45
2/14/2011 16:00:00,36.29
2/15/2011 16:00:00,36.11
2/16/2011 16:00:00,36.75
2/17/2011 16:00:00,36.37
2/18/2011 16:00:00,36.51
2/22/2011 16:00:00,35.77
2/23/2011 16:00:00,34.59
2/24/2011 16:00:00,33.02
2/25/2011 16:00:00,33.25
2/28/2011 16:00:00,33.53
3/1/2011 16:00:00,32.95
3/2/2011 16:00:00,32.88
3/3/2011 16:00:00,33.03
3/4/2011 16:00:00,32.39
3/7/2011 16:00:00,31.7
3/8/2011 16:00:00,32.72
3/9/2011 16:00:00,32.25
3/10/2011 16:00:00,31.42
3/11/2011 16:00:00,31.93
3/14/2011 16:00:00,31.59
3/15/2011 16:00:00,32.35
3/16/2011 16:00:00,31.78
3/17/2011 16:00:00,31.44
3/18/2011 16:00:00,31.85
3/21/2011 16:00:00,31.28
3/22/2011 16:00:00,30.74
3/23/2011 16:00:00,31.16
3/24/2011 16:00:00,31.39
3/25/2011 16:00:00,31.47
3/28/2011 16:00:00,30.85
3/29/2011 16:00:00,31.1
3/30/2011 16:00:00,31.55
3/31/2011 16:00:00,31.03
4/1/2011 16:00:00,32.41
4/4/2011 16:00:00,32.39
4/5/2011 16:00:00,32.87
4/6/2011 16:00:00,32.87
4/7/2011 16:00:00,32.31
4/8/2011 16:00:00,31.52
4/11/2011 16:00:00,30.77
4/12/2011 16:00:00,31.15
4/13/2011 16:00:00,30.86
4/14/2011 16:00:00,30.58
4/15/2011 16:00:00,30.24
4/18/2011 16:00:00,29.97
4/19/2011 16:00:00,29.59
4/20/2011 16:00:00,29.93
4/21/2011 16:00:00,30.95
4/25/2011 16:00:00,31.14
4/26/2011 16:00:00,31.27
4/27/2011 16:00:00,31.78
4/28/2011 16:00:00,31.91
4/29/2011 16:00:00,32.09
5/2/2011 16:00:00,32.18
5/3/2011 16:00:00,32.99
5/4/2011 16:00:00,33.04
5/5/2011 16:00:00,32.02
5/6/2011 16:00:00,31.91
5/9/2011 16:00:00,31.39
5/10/2011 16:00:00,31.61
5/11/2011 16:00:00,31.3
5/12/2011 16:00:00,31.42
5/13/2011 16:00:00,31.07
5/16/2011 16:00:00,31.1
5/17/2011 16:00:00,31.1
5/18/2011 16:00:00,31.52
5/19/2011 16:00:00,31.47
5/20/2011 16:00:00,31.18
5/23/2011 16:00:00,30.96
5/24/2011 16:00:00,30.83
5/25/2011 16:00:00,31.27
5/26/2011 16:00:00,30.68
5/27/2011 16:00:00,31.28
5/31/2011 16:00:00,31.81
6/1/2011 16:00:00,30.23
6/2/2011 16:00:00,29.6
6/3/2011 16:00:00,29.12
6/6/2011 16:00:00,28.56
6/7/2011 16:00:00,28.78
6/8/2011 16:00:00,28.86
6/9/2011 16:00:00,29.45
6/10/2011 16:00:00,28.85
6/13/2011 16:00:00,28.59
6/14/2011 16:00:00,29.11
6/15/2011 16:00:00,28.95
6/16/2011 16:00:00,28.59
6/17/2011 16:00:00,29
6/20/2011 16:00:00,29.52
6/21/2011 16:00:00,29.59
6/22/2011 16:00:00,29.97
6/23/2011 16:00:00,30.14
6/24/2011 16:00:00,29.92
6/27/2011 16:00:00,30.26
6/28/2011 16:00:00,30.5
6/29/2011 16:00:00,30.3
6/30/2011 16:00:00,30.36
7/1/2011 16:00:00,30.58
7/5/2011 16:00:00,30.86
7/6/2011 16:00:00,31.19
7/7/2011 16:00:00,31.8
7/8/2011 16:00:00,31.58
7/11/2011 16:00:00,30.75
7/12/2011 16:00:00,30.68
7/13/2011 16:00:00,30.75
7/14/2011 16:00:00,30.1
7/15/2011 16:00:00,29.76
7/18/2011 16:00:00,29.1
7/19/2011 16:00:00,29.33
7/20/2011 16:00:00,29.24
7/21/2011 16:00:00,29.96
7/22/2011 16:00:00,30.1
7/25/2011 16:00:00,29.5
7/26/2011 16:00:00,29.09
7/27/2011 16:00:00,28.14
7/28/2011 16:00:00,28.1
7/29/2011 16:00:00,27.68
8/1/2011 16:00:00,28.07
8/2/2011 16:00:00,27.05
8/3/2011 16:00:00,27.17
8/4/2011 16:00:00,25.99
8/5/2011 16:00:00,26.31
8/8/2011 16:00:00,24.57
8/9/2011 16:00:00,25.54
8/10/2011 16:00:00,23.92
8/11/2011 16:00:00,25.81
8/12/2011 16:00:00,25.75
8/15/2011 16:00:00,26.42
8/16/2011 16:00:00,25.83
8/17/2011 16:00:00,24.94
8/18/2011 16:00:00,23.6
8/19/2011 16:00:00,22.16
8/22/2011 16:00:00,21.71
8/23/2011 16:00:00,22.06
8/24/2011 16:00:00,22.37
8/25/2011 16:00:00,22.3
8/26/2011 16:00:00,22.87
8/29/2011 16:00:00,23.79
8/30/2011 16:00:00,23.58
8/31/2011 16:00:00,24.03
9/1/2011 16:00:00,23.03
9/2/2011 16:00:00,22.07
9/6/2011 16:00:00,21.44
9/7/2011 16:00:00,22.86
9/8/2011 16:00:00,22.48
9/9/2011 16:00:00,21.76
9/12/2011 16:00:00,21.87
9/13/2011 16:00:00,22
9/14/2011 16:00:00,22.18
9/15/2011 16:00:00,22.7
9/16/2011 16:00:00,22.61
9/19/2011 16:00:00,23.05
9/20/2011 16:00:00,22.43
9/21/2011 16:00:00,21.28
9/22/2011 16:00:00,20.24
9/23/2011 16:00:00,21
9/26/2011 16:00:00,21.08
9/27/2011 16:00:00,21.19
9/28/2011 16:00:00,20.41
9/29/2011 16:00:00,20.76
9/30/2011 16:00:00,20.18
10/3/2011 16:00:00,19.73
10/4/2011 16:00:00,21.42
10/5/2011 16:00:00,22.27
10/6/2011 16:00:00,22.35
10/7/2011 16:00:00,22.01
10/10/2011 16:00:00,22.62
10/11/2011 16:00:00,22.5
10/12/2011 16:00:00,23.41
10/13/2011 16:00:00,23.15
10/14/2011 16:00:00,24.16
10/17/2011 16:00:00,23.18
10/18/2011 16:00:00,23.54
10/19/2011 16:00:00,23.09
10/20/2011 16:00:00,22.96
10/21/2011 16:00:00,24.35
10/24/2011 16:00:00,24.98
10/25/2011 16:00:00,24.86
10/26/2011 16:00:00,24.99
10/27/2011 16:00:00,26.06
10/28/2011 16:00:00,26.45
10/31/2011 16:00:00,25.85
11/1/2011 16:00:00,23.33
11/2/2011 16:00:00,23.2
11/3/2011 16:00:00,24.03
11/4/2011 16:00:00,23.61
11/7/2011 16:00:00,24.01
11/8/2011 16:00:00,25.04
11/9/2011 16:00:00,22.31
11/10/2011 16:00:00,22.7
11/11/2011 16:00:00,22.51
11/14/2011 16:00:00,22.99
11/15/2011 16:00:00,23.35
11/16/2011 16:00:00,22.65
11/17/2011 16:00:00,21.79
11/18/2011 16:00:00,21.68
11/21/2011 16:00:00,21.05
11/22/2011 16:00:00,20.73
11/23/2011 16:00:00,20.24
11/25/2011 16:00:00,20.34
11/28/2011 16:00:00,20.74
11/29/2011 16:00:00,20.31
11/30/2011 16:00:00,21.29
12/1/2011 16:00:00,20.96
12/2/2011 16:00:00,21.28
12/5/2011 16:00:00,21.59
12/6/2011 16:00:00,21.68
12/7/2011 16:00:00,21.94
12/8/2011 16:00:00,20.98
12/9/2011 16:00:00,21.15
12/12/2011 16:00:00,20.8
12/13/2011 16:00:00,20.11
12/14/2011 16:00:00,19.47
12/15/2011 16:00:00,20.1
12/16/2011 16:00:00,20.15
12/19/2011 16:00:00,19.05
12/20/2011 16:00:00,19.69
12/21/2011 16:00:00,20.32
12/22/2011 16:00:00,20.7
12/23/2011 16:00:00,20.5
12/27/2011 16:00:00,20.09
12/28/2011 16:00:00,19.86
12/29/2011 16:00:00,20.21
12/30/2011 16:00:00,20.27
1/3/2012 16:00:00,21.05
1/4/2012 16:00:00,21.15
1/5/2012 16:00:00,22.17
1/6/2012 16:00:00,22.92
1/9/2012 16:00:00,22.84
1/10/2012 16:00:00,23.24
1/11/2012 16:00:00,24.47
1/12/2012 16:00:00,24.67
1/13/2012 16:00:00,24.29
1/17/2012 16:00:00,24.2
1/18/2012 16:00:00,24.51
1/19/2012 16:00:00,24.82
1/20/2012 16:00:00,25
1/23/2012 16:00:00,24.92
1/24/2012 16:00:00,24.79
1/25/2012 16:00:00,24.92
1/26/2012 16:00:00,24.72
1/27/2012 16:00:00,24.37
1/30/2012 16:00:00,24.23
1/31/2012 16:00:00,24.02
2/1/2012 16:00:00,24.37
2/2/2012 16:00:00,24.31
2/3/2012 16:00:00,26.18
2/6/2012 16:00:00,26.7
2/7/2012 16:00:00,26.22
2/8/2012 16:00:00,25.75
2/9/2012 16:00:00,25.74
2/10/2012 16:00:00,25.5
2/13/2012 16:00:00,25.34
2/14/2012 16:00:00,25.4
2/15/2012 16:00:00,24.93
2/16/2012 16:00:00,27.17
2/17/2012 16:00:00,27.34
2/21/2012 16:00:00,27.06
2/22/2012 16:00:00,26.55
2/23/2012 16:00:00,26.79
2/24/2012 16:00:00,26.07
2/27/2012 16:00:00,26.46
2/28/2012 16:00:00,26.14
2/29/2012 16:00:00,26.02
3/1/2012 16:00:00,26.47
3/2/2012 16:00:00,26.45
3/5/2012 16:00:00,26
3/6/2012 16:00:00,24.58
3/7/2012 16:00:00,24.88
3/8/2012 16:00:00,25.45
3/9/2012 16:00:00,25.62
3/12/2012 16:00:00,25.39
3/13/2012 16:00:00,26.07
3/14/2012 16:00:00,26.32
3/15/2012 16:00:00,26.05
3/16/2012 16:00:00,25.57
3/19/2012 16:00:00,25.39
3/20/2012 16:00:00,25.09
3/21/2012 16:00:00,25.29
3/22/2012 16:00:00,25.05
3/23/2012 16:00:00,25.17
3/26/2012 16:00:00,25.58
3/27/2012 16:00:00,25.35
3/28/2012 16:00:00,25.15
3/29/2012 16:00:00,25.31
3/30/2012 16:00:00,25.65
4/2/2012 16:00:00,26.76
4/3/2012 16:00:00,25.54
4/4/2012 16:00:00,25.1
4/5/2012 16:00:00,24.81
4/9/2012 16:00:00,24.2
4/10/2012 16:00:00,23.71
4/11/2012 16:00:00,24.03
4/12/2012 16:00:00,24.3
4/13/2012 16:00:00,23.8
4/16/2012 16:00:00,23.42
4/17/2012 16:00:00,24.04
4/18/2012 16:00:00,24.15
4/19/2012 16:00:00,24.01
4/20/2012 16:00:00,23.6
4/23/2012 16:00:00,22.95
4/24/2012 16:00:00,22.89
4/25/2012 16:00:00,23.31
4/26/2012 16:00:00,23.72
4/27/2012 16:00:00,23.53
4/30/2012 16:00:00,23
5/1/2012 16:00:00,23.31
5/2/2012 16:00:00,22.93
5/3/2012 16:00:00,22.37
5/4/2012 16:00:00,22.36
5/7/2012 16:00:00,22.41
5/8/2012 16:00:00,22.23
5/9/2012 16:00:00,22.44
5/10/2012 16:00:00,22.37
5/11/2012 16:00:00,22
5/14/2012 16:00:00,21.63
5/15/2012 16:00:00,21.42
5/16/2012 16:00:00,21.91
5/17/2012 16:00:00,21.61
5/18/2012 16:00:00,21.18
5/21/2012 16:00:00,21.54
5/22/2012 16:00:00,21.5
5/23/2012 16:00:00,21.5
5/24/2012 16:00:00,22.04
5/25/2012 16:00:00,22.44
5/29/2012 16:00:00,22.85
5/30/2012 16:00:00,22.37
5/31/2012 16:00:00,22.2
6/1/2012 16:00:00,22.01
6/4/2012 16:00:00,21.11
6/5/2012 16:00:00,21.25
6/6/2012 16:00:00,21.83
6/7/2012 16:00:00,21.85
6/8/2012 16:00:00,22.05
6/11/2012 16:00:00,21.92
6/12/2012 16:00:00,22.17
6/13/2012 16:00:00,21.87
6/14/2012 16:00:00,21.8
6/15/2012 16:00:00,21.74
6/18/2012 16:00:00,21.43
6/19/2012 16:00:00,21.74
6/20/2012 16:00:00,21.48
6/21/2012 16:00:00,20.64
6/22/2012 16:00:00,20.6
6/25/2012 16:00:00,19.91
6/26/2012 16:00:00,19.85
6/27/2012 16:00:00,19.66
6/28/2012 16:00:00,19.82
6/29/2012 16:00:00,19.72
7/2/2012 16:00:00,19.57
7/3/2012 16:00:00,20.67
7/5/2012 16:00:00,20.54
7/6/2012 16:00:00,20.31
7/9/2012 16:00:00,20.22
7/10/2012 16:00:00,19.8
7/11/2012 16:00:00,19.9
7/12/2012 16:00:00,19.33
7/13/2012 16:00:00,19.62
7/16/2012 16:00:00,19.38
7/17/2012 16:00:00,19.6
7/18/2012 16:00:00,20.07
7/19/2012 16:00:00,20.14
7/20/2012 16:00:00,19.36
7/23/2012 16:00:00,19.3
7/24/2012 16:00:00,19.02
7/25/2012 16:00:00,18.8
7/26/2012 16:00:00,19.11
7/27/2012 16:00:00,19.67
7/30/2012 16:00:00,19.36
7/31/2012 16:00:00,19.71
8/1/2012 16:00:00,19.66
8/2/2012 16:00:00,19.14
8/3/2012 16:00:00,20.04
8/6/2012 16:00:00,19.85
8/7/2012 16:00:00,20.42
8/8/2012 16:00:00,20.38
8/9/2012 16:00:00,20.65
8/10/2012 16:00:00,20.54
8/13/2012 16:00:00,20.47
8/14/2012 16:00:00,20.21
8/15/2012 16:00:00,20.14
8/16/2012 16:00:00,21.33
8/17/2012 16:00:00,22.01
8/20/2012 16:00:00,21.87
8/21/2012 16:00:00,21.63
8/22/2012 16:00:00,21.73
8/23/2012 16:00:00,21.34
8/24/2012 16:00:00,21.18
8/27/2012 16:00:00,21.22
8/28/2012 16:00:00,20.94
8/29/2012 16:00:00,21.3
8/30/2012 16:00:00,21.11
8/31/2012 16:00:00,21.35
9/4/2012 16:00:00,21.31
9/5/2012 16:00:00,21.76
9/6/2012 16:00:00,22.45
9/7/2012 16:00:00,23.37
9/10/2012 16:00:00,22.98
9/11/2012 16:00:00,22.97
9/12/2012 16:00:00,23.13
9/13/2012 16:00:00,23.53
9/14/2012 16:00:00,24.14
9/17/2012 16:00:00,23.8
9/18/2012 16:00:00,24.43
9/19/2012 16:00:00,24.75
9/20/2012 16:00:00,24.42
9/21/2012 16:00:00,24.8
9/24/2012 16:00:00,24.36
9/25/2012 16:00:00,23.52
9/26/2012 16:00:00,23.39
9/27/2012 16:00:00,23.18
9/28/2012 16:00:00,22.75
10/1/2012 16:00:00,23.09
10/2/2012 16:00:00,23.68
10/3/2012 16:00:00,24.39
10/4/2012 16:00:00,24.65
10/5/2012 16:00:00,24.8
10/8/2012 16:00:00,24.57
10/9/2012 16:00:00,24.37
10/10/2012 16:00:00,24.23
10/11/2012 16:00:00,24.66
10/12/2012 16:00:00,24.44
10/15/2012 16:00:00,24.48
10/16/2012 16:00:00,24.79
10/17/2012 16:00:00,25.06
10/18/2012 16:00:00,25.56
10/19/2012 16:00:00,24.59
10/22/2012 16:00:00,24.62
10/23/2012 16:00:00,23.87
10/24/2012 16:00:00,23.69
10/25/2012 16:00:00,23.63
10/26/2012 16:00:00,23.28
10/31/2012 16:00:00,25.5
11/1/2012 16:00:00,25.68
11/2/2012 16:00:00,25.79
11/5/2012 16:00:00,25.57
11/6/2012 16:00:00,26.19
11/7/2012 16:00:00,25.03
11/8/2012 16:00:00,24.72
11/9/2012 16:00:00,25.04
11/12/2012 16:00:00,25.26
11/13/2012 16:00:00,24.82
11/14/2012 16:00:00,24.17
11/15/2012 16:00:00,23.88
11/16/2012 16:00:00,23.85
11/19/2012 16:00:00,24.93
11/20/2012 16:00:00,24.6
11/21/2012 16:00:00,24.6
11/23/2012 16:00:00,25.21
11/26/2012 16:00:00,25.23
11/27/2012 16:00:00,25.01
11/28/2012 16:00:00,25.28
11/29/2012 16:00:00,26.09
11/30/2012 16:00:00,25.88
12/3/2012 16:00:00,25.51
12/4/2012 16:00:00,25.41
12/5/2012 16:00:00,25
12/6/2012 16:00:00,24.57
12/7/2012 16:00:00,25.19
12/10/2012 16:00:00,25.28
12/11/2012 16:00:00,25.45
12/12/2012 16:00:00,25.63
12/13/2012 16:00:00,25.12
12/14/2012 16:00:00,24.61
12/17/2012 16:00:00,24.85
12/18/2012 16:00:00,25.49
12/19/2012 16:00:00,27.18
12/20/2012 16:00:00,27.34
12/21/2012 16:00:00,27.32
12/24/2012 16:00:00,27.66
12/26/2012 16:00:00,27.62
12/27/2012 16:00:00,27.96
12/28/2012 16:00:00,27.85
12/31/2012 16:00:00,28.83
1/2/2013 16:00:00,29.13
1/3/2013 16:00:00,29.82
1/4/2013 16:00:00,29.86
1/7/2013 16:00:00,29.66
1/8/2013 16:00:00,29.37
1/9/2013 16:00:00,29.97
1/10/2013 16:00:00,30.44
1/11/2013 16:00:00,30.36
1/14/2013 16:00:00,30.33
1/15/2013 16:00:00,30.6
1/16/2013 16:00:00,29.31
1/17/2013 16:00:00,29.49
1/18/2013 16:00:00,29.28
1/22/2013 16:00:00,28.63
1/23/2013 16:00:00,28.57
1/24/2013 16:00:00,28.78
1/25/2013 16:00:00,29.07
1/28/2013 16:00:00,28.83
1/29/2013 16:00:00,28.45
1/30/2013 16:00:00,27.94
1/31/2013 16:00:00,28.09
2/1/2013 16:00:00,28.17
2/4/2013 16:00:00,27.96
2/5/2013 16:00:00,28.59
2/6/2013 16:00:00,28.52
2/7/2013 16:00:00,28.47
2/8/2013 16:00:00,28.57
2/11/2013 16:00:00,28.53
2/12/2013 16:00:00,28.55
2/13/2013 16:00:00,28.67
2/14/2013 16:00:00,27.75
2/15/2013 16:00:00,27.76
2/19/2013 16:00:00,27.68
2/20/2013 16:00:00,27.1
2/21/2013 16:00:00,26.51
2/22/2013 16:00:00,27.11
2/25/2013 16:00:00,26.33
2/26/2013 16:00:00,26.83
2/27/2013 16:00:00,27.4
2/28/2013 16:00:00,27.15
3/1/2013 16:00:00,27.21
3/4/2013 16:00:00,27.09
3/5/2013 16:00:00,27.58
3/6/2013 16:00:00,27.91
3/7/2013 16:00:00,27.88
3/8/2013 16:00:00,28
3/11/2013 16:00:00,28.31
3/12/2013 16:00:00,28.37
3/13/2013 16:00:00,28.07
3/14/2013 16:00:00,28.16
3/15/2013 16:00:00,28.21
3/18/2013 16:00:00,28.04
3/19/2013 16:00:00,28.1
3/20/2013 16:00:00,29.2
3/21/2013 16:00:00,28.63
3/22/2013 16:00:00,28.22
3/25/2013 16:00:00,28.16
3/26/2013 16:00:00,28.15
3/27/2013 16:00:00,28.06
3/28/2013 16:00:00,27.82
4/1/2013 16:00:00,27.8
4/2/2013 16:00:00,27.93
4/3/2013 16:00:00,27.8
4/4/2013 16:00:00,27.74
4/5/2013 16:00:00,27.52
4/8/2013 16:00:00,27.59
4/9/2013 16:00:00,27.53
4/10/2013 16:00:00,28.37
4/11/2013 16:00:00,29.72
4/12/2013 16:00:00,29.62
4/15/2013 16:00:00,28.91
4/16/2013 16:00:00,29.47
4/17/2013 16:00:00,29.27
4/18/2013 16:00:00,28.98
4/19/2013 16:00:00,29.15
4/22/2013 16:00:00,29.25
4/23/2013 16:00:00,29.85
4/24/2013 16:00:00,30.45
4/25/2013 16:00:00,30.71
4/26/2013 16:00:00,30.5
4/29/2013 16:00:00,30.79
4/30/2013 16:00:00,30.84
5/1/2013 16:00:00,30.18
5/2/2013 16:00:00,31.16
5/3/2013 16:00:00,32.1
5/6/2013 16:00:00,31.82
5/7/2013 16:00:00,31.65
5/8/2013 16:00:00,32.08
5/9/2013 16:00:00,31.65
5/10/2013 16:00:00,31.42
5/13/2013 16:00:00,31
5/14/2013 16:00:00,31.55
5/15/2013 16:00:00,32.31
5/16/2013 16:00:00,32.39
5/17/2013 16:00:00,33.42
5/20/2013 16:00:00,33.7
5/21/2013 16:00:00,33.4
5/22/2013 16:00:00,33.23
5/23/2013 16:00:00,32.85
5/24/2013 16:00:00,32.87
5/28/2013 16:00:00,33.96
5/29/2013 16:00:00,34.05
5/30/2013 16:00:00,34.64
5/31/2013 16:00:00,33.89
6/3/2013 16:00:00,34.42
6/4/2013 16:00:00,34.96
6/5/2013 16:00:00,34.02
6/6/2013 16:00:00,34.44
6/7/2013 16:00:00,35.03
6/10/2013 16:00:00,34.74
6/11/2013 16:00:00,33.93
6/12/2013 16:00:00,33.45
6/13/2013 16:00:00,34.5
6/14/2013 16:00:00,34.29
6/17/2013 16:00:00,33.73
6/18/2013 16:00:00,34.01
6/19/2013 16:00:00,33.66
6/20/2013 16:00:00,32.56
6/21/2013 16:00:00,32.21
6/24/2013 16:00:00,31.42
6/25/2013 16:00:00,31.82
6/26/2013 16:00:00,32.55
6/27/2013 16:00:00,33.1
6/28/2013 16:00:00,33.31
7/1/2013 16:00:00,34
7/2/2013 16:00:00,34.1
7/3/2013 16:00:00,34.14
7/5/2013 16:00:00,34.67
7/8/2013 16:00:00,34.64
7/9/2013 16:00:00,34.92
7/10/2013 16:00:00,35.33
7/11/2013 16:00:00,36.14
7/12/2013 16:00:00,36.4
7/15/2013 16:00:00,36.5
7/16/2013 16:00:00,36.18
7/17/2013 16:00:00,36.36
7/18/2013 16:00:00,36.84
7/19/2013 16:00:00,36.61
7/22/2013 16:00:00,36.76
7/23/2013 16:00:00,36.61
7/24/2013 16:00:00,37.14
7/25/2013 16:00:00,37.08
7/26/2013 16:00:00,36.67
7/29/2013 16:00:00,36.38
7/30/2013 16:00:00,36.5
7/31/2013 16:00:00,35.87
8/1/2013 16:00:00,36.47
8/2/2013 16:00:00,36.95
8/5/2013 16:00:00,36.75
8/6/2013 16:00:00,35.96
8/7/2013 16:00:00,35.48
8/8/2013 16:00:00,36.01
8/9/2013 16:00:00,36.02
8/12/2013 16:00:00,35.98
8/13/2013 16:00:00,35.84
8/14/2013 16:00:00,35.57
8/15/2013 16:00:00,34.55
8/16/2013 16:00:00,34.38
8/19/2013 16:00:00,34.49
8/20/2013 16:00:00,34.79
8/21/2013 16:00:00,34.53
8/22/2013 16:00:00,34.99
8/23/2013 16:00:00,35.06
8/26/2013 16:00:00,34.92
8/27/2013 16:00:00,33.69
8/28/2013 16:00:00,33.92
8/29/2013 16:00:00,34.45
8/30/2013 16:00:00,34.08
9/3/2013 16:00:00,34.14
9/4/2013 16:00:00,35.85
9/5/2013 16:00:00,36.33
9/6/2013 16:00:00,36.15
9/9/2013 16:00:00,36.48
9/10/2013 16:00:00,37
9/11/2013 16:00:00,36.35
9/12/2013 16:00:00,36.37
9/13/2013 16:00:00,36.06
9/16/2013 16:00:00,36.22
9/17/2013 16:00:00,36.71
9/18/2013 16:00:00,37.58
9/19/2013 16:00:00,37.23
9/20/2013 16:00:00,36.83
9/23/2013 16:00:00,37.13
9/24/2013 16:00:00,37.44
9/25/2013 16:00:00,37.18
9/26/2013 16:00:00,36.95
9/27/2013 16:00:00,36.37
9/30/2013 16:00:00,35.97
10/1/2013 16:00:00,35.91
10/2/2013 16:00:00,35.94
10/3/2013 16:00:00,35.29
10/4/2013 16:00:00,35.7
10/7/2013 16:00:00,35.18
10/8/2013 16:00:00,34.21
10/9/2013 16:00:00,34.16
10/10/2013 16:00:00,34.85
10/11/2013 16:00:00,35.35
10/14/2013 16:00:00,35.33
10/15/2013 16:00:00,34.7
10/16/2013 16:00:00,35.13
10/17/2013 16:00:00,35.66
10/18/2013 16:00:00,35.89
10/21/2013 16:00:00,35.5
10/22/2013 16:00:00,35.41
10/23/2013 16:00:00,35.05
10/24/2013 16:00:00,35.63
10/25/2013 16:00:00,35.59
10/28/2013 16:00:00,35.8
10/29/2013 16:00:00,36.06
10/30/2013 16:00:00,37.23
10/31/2013 16:00:00,36.95
11/1/2013 16:00:00,37.39
11/4/2013 16:00:00,37.47
11/5/2013 16:00:00,37.09
11/6/2013 16:00:00,36.59
11/7/2013 16:00:00,35.92
11/8/2013 16:00:00,36.66
11/11/2013 16:00:00,36.68
11/12/2013 16:00:00,36.66
11/13/2013 16:00:00,38.44
11/14/2013 16:00:00,38.5
11/15/2013 16:00:00,38.77
11/18/2013 16:00:00,38.57
11/19/2013 16:00:00,38.01
11/20/2013 16:00:00,37.69
11/21/2013 16:00:00,38.12
11/22/2013 16:00:00,37.63
11/25/2013 16:00:00,37.55
11/26/2013 16:00:00,37.67
11/27/2013 16:00:00,38.85
11/29/2013 16:00:00,38.73
12/2/2013 16:00:00,39.11
12/3/2013 16:00:00,38.14
12/4/2013 16:00:00,38.71
12/5/2013 16:00:00,39.09
12/6/2013 16:00:00,40.17
12/9/2013 16:00:00,40.9
12/10/2013 16:00:00,40.4
12/11/2013 16:00:00,40.16
12/12/2013 16:00:00,40.05
12/13/2013 16:00:00,40.04
12/16/2013 16:00:00,41.44
12/17/2013 16:00:00,41.53
12/18/2013 16:00:00,41.27
12/19/2013 16:00:00,40.3
12/20/2013 16:00:00,40.99
12/23/2013 16:00:00,41.29
12/24/2013 16:00:00,40.88
12/26/2013 16:00:00,41.52
12/27/2013 16:00:00,40.94
12/30/2013 16:00:00,40.69
12/31/2013 16:00:00,40.87
1/2/2014 16:00:00,40.95
1/3/2014 16:00:00,39.57
1/6/2014 16:00:00,40.4
1/7/2014 16:00:00,40.2
1/8/2014 16:00:00,40.42
1/9/2014 16:00:00,40.49
1/10/2014 16:00:00,40.03
1/13/2014 16:00:00,39.58
1/14/2014 16:00:00,40.02
1/15/2014 16:00:00,39.38
1/16/2014 16:00:00,39
1/17/2014 16:00:00,38.6
1/21/2014 16:00:00,38.34
1/22/2014 16:00:00,38.8
1/23/2014 16:00:00,38.42
1/24/2014 16:00:00,36.83
1/27/2014 16:00:00,36.76
1/28/2014 16:00:00,36.81
1/29/2014 16:00:00,36.35
1/30/2014 16:00:00,36.84
1/31/2014 16:00:00,36.08
2/3/2014 16:00:00,35.25
2/4/2014 16:00:00,35.82
2/5/2014 16:00:00,35.24
2/6/2014 16:00:00,35.23
2/7/2014 16:00:00,36.11
2/10/2014 16:00:00,34.9
2/11/2014 16:00:00,35.25
2/12/2014 16:00:00,35.56
2/13/2014 16:00:00,35.2
2/14/2014 16:00:00,35.95
2/18/2014 16:00:00,36.31
2/19/2014 16:00:00,36.03
2/20/2014 16:00:00,36.51
2/21/2014 16:00:00,36.69
2/24/2014 16:00:00,36.55
2/25/2014 16:00:00,36.1
2/26/2014 16:00:00,36.83
2/27/2014 16:00:00,36.77
2/28/2014 16:00:00,36.2
3/3/2014 16:00:00,36.21
3/4/2014 16:00:00,36.93
3/5/2014 16:00:00,37.52
3/6/2014 16:00:00,37.54
3/7/2014 16:00:00,37.69
3/10/2014 16:00:00,37.09
3/11/2014 16:00:00,35.18
3/12/2014 16:00:00,34.86
3/13/2014 16:00:00,34.09
3/14/2014 16:00:00,34.09
3/17/2014 16:00:00,34.63
3/18/2014 16:00:00,35.17
3/19/2014 16:00:00,34.91
3/20/2014 16:00:00,35.26
3/21/2014 16:00:00,35.01
3/24/2014 16:00:00,35.14
3/25/2014 16:00:00,34.51
3/26/2014 16:00:00,34.22
3/27/2014 16:00:00,34.51
3/28/2014 16:00:00,34.73
3/31/2014 16:00:00,34.42
4/1/2014 16:00:00,34.34
4/2/2014 16:00:00,34.88
4/3/2014 16:00:00,35.44
4/4/2014 16:00:00,34.81
4/7/2014 16:00:00,34.11
4/8/2014 16:00:00,34.53
4/9/2014 16:00:00,33.62
4/10/2014 16:00:00,33.3
4/11/2014 16:00:00,31.93
4/14/2014 16:00:00,32.55
4/15/2014 16:00:00,33.36
4/16/2014 16:00:00,33.97
4/17/2014 16:00:00,33.98
4/21/2014 16:00:00,33.98
4/22/2014 16:00:00,34.23
4/23/2014 16:00:00,34.39
4/24/2014 16:00:00,34.17
4/25/2014 16:00:00,33.72
4/28/2014 16:00:00,33.76
4/29/2014 16:00:00,33.99
4/30/2014 16:00:00,34.48
5/1/2014 16:00:00,34.9
5/2/2014 16:00:00,34.97
5/5/2014 16:00:00,34.75
5/6/2014 16:00:00,34.75
5/7/2014 16:00:00,35.07
5/8/2014 16:00:00,34.85
5/9/2014 16:00:00,34.23
5/12/2014 16:00:00,34.82
5/13/2014 16:00:00,35.15
5/14/2014 16:00:00,34.94
5/15/2014 16:00:00,34.36
5/16/2014 16:00:00,34
5/19/2014 16:00:00,34.25
5/20/2014 16:00:00,33.07
5/21/2014 16:00:00,33.46
5/22/2014 16:00:00,33.42
5/23/2014 16:00:00,33.63
5/27/2014 16:00:00,33.94
5/28/2014 16:00:00,34.59
5/29/2014 16:00:00,34.45
5/30/2014 16:00:00,34.58
6/2/2014 16:00:00,34.86
6/3/2014 16:00:00,35.26
6/4/2014 16:00:00,36.52
6/5/2014 16:00:00,36.27
6/6/2014 16:00:00,36.55
6/9/2014 16:00:00,36.5
6/10/2014 16:00:00,36.4
6/11/2014 16:00:00,36.12
6/12/2014 16:00:00,35.52
6/13/2014 16:00:00,35.63
6/16/2014 16:00:00,36.06
6/17/2014 16:00:00,36.36
6/18/2014 16:00:00,36.3
6/19/2014 16:00:00,36.37
6/20/2014 16:00:00,36.22
6/23/2014 16:00:00,36.67
6/24/2014 16:00:00,36.58
6/25/2014 16:00:00,37.09
6/26/2014 16:00:00,36.9
6/27/2014 16:00:00,36.62
6/30/2014 16:00:00,36.3
7/1/2014 16:00:00,37.59
7/2/2014 16:00:00,37.74
7/3/2014 16:00:00,37.74
7/7/2014 16:00:00,37.44
7/8/2014 16:00:00,37.58
7/9/2014 16:00:00,37.97
7/10/2014 16:00:00,37.75
7/11/2014 16:00:00,37.95
7/14/2014 16:00:00,37.7
7/15/2014 16:00:00,37.58
7/16/2014 16:00:00,37.48
7/17/2014 16:00:00,37.1
7/18/2014 16:00:00,37.41
7/21/2014 16:00:00,37.43
7/22/2014 16:00:00,37.76
7/23/2014 16:00:00,37.41
7/24/2014 16:00:00,35.74
7/25/2014 16:00:00,35.07
7/28/2014 16:00:00,34.9
7/29/2014 16:00:00,34.45
7/30/2014 16:00:00,34.31
7/31/2014 16:00:00,33.82
8/1/2014 16:00:00,33.44
8/4/2014 16:00:00,33.61
8/5/2014 16:00:00,33.36
8/6/2014 16:00:00,33.4
8/7/2014 16:00:00,33.11
8/8/2014 16:00:00,33.53
8/11/2014 16:00:00,33.8
8/12/2014 16:00:00,33.7
8/13/2014 16:00:00,33.95
8/14/2014 16:00:00,33.95
8/15/2014 16:00:00,33.84
8/18/2014 16:00:00,34.4
8/19/2014 16:00:00,34.57
8/20/2014 16:00:00,34.53
8/21/2014 16:00:00,34.6
8/22/2014 16:00:00,34.24
8/25/2014 16:00:00,34.67
8/26/2014 16:00:00,34.85
8/27/2014 16:00:00,34.71
8/28/2014 16:00:00,34.68
8/29/2014 16:00:00,34.8
9/2/2014 16:00:00,34.8
9/3/2014 16:00:00,34.47
9/4/2014 16:00:00,34.63
9/5/2014 16:00:00,34.58
9/8/2014 16:00:00,33.24
9/9/2014 16:00:00,33.07
9/10/2014 16:00:00,33.29
9/11/2014 16:00:00,33.61
9/12/2014 16:00:00,33.27
9/15/2014 16:00:00,33.63
9/16/2014 16:00:00,33.71
9/17/2014 16:00:00,33.85
9/18/2014 16:00:00,34.03
9/19/2014 16:00:00,33.94
9/22/2014 16:00:00,33.44
9/23/2014 16:00:00,33.22
9/24/2014 16:00:00,33.65
9/25/2014 16:00:00,32.87
9/26/2014 16:00:00,33.17
9/29/2014 16:00:00,32.22
9/30/2014 16:00:00,31.94
10/1/2014 16:00:00,32.49
10/2/2014 16:00:00,33.18
10/3/2014 16:00:00,33.76
10/6/2014 16:00:00,33.75
10/7/2014 16:00:00,31.77
10/8/2014 16:00:00,32.18
10/9/2014 16:00:00,31.03
10/10/2014 16:00:00,30.29
10/13/2014 16:00:00,29.79
10/14/2014 16:00:00,30.11
10/15/2014 16:00:00,29.69
10/16/2014 16:00:00,29.94
10/17/2014 16:00:00,30.24
10/20/2014 16:00:00,30.34
10/21/2014 16:00:00,30.84
10/22/2014 16:00:00,31.31
10/23/2014 16:00:00,30.93
10/24/2014 16:00:00,30.04
10/27/2014 16:00:00,30.08
10/28/2014 16:00:00,31.17
10/29/2014 16:00:00,30.72
10/30/2014 16:00:00,30.78
10/31/2014 16:00:00,31.4
11/3/2014 16:00:00,31.18
11/4/2014 16:00:00,30.82
11/5/2014 16:00:00,30.73
11/6/2014 16:00:00,31.37
11/7/2014 16:00:00,31.59
11/10/2014 16:00:00,31.12
11/11/2014 16:00:00,31.35
11/12/2014 16:00:00,31.42
11/13/2014 16:00:00,31.65
11/14/2014 16:00:00,31.79
11/17/2014 16:00:00,32.31
11/18/2014 16:00:00,32.27
11/19/2014 16:00:00,32.15
11/20/2014 16:00:00,32.13
11/21/2014 16:00:00,32.13
11/24/2014 16:00:00,32.19
11/25/2014 16:00:00,32.23
11/26/2014 16:00:00,32.07
11/28/2014 16:00:00,33.43
12/1/2014 16:00:00,32.94
12/2/2014 16:00:00,33.26
12/3/2014 16:00:00,33.64
12/4/2014 16:00:00,33.09
12/5/2014 16:00:00,33.93
12/8/2014 16:00:00,32.68
12/9/2014 16:00:00,32.81
12/10/2014 16:00:00,31.97
12/11/2014 16:00:00,32.19
12/12/2014 16:00:00,31.57
12/15/2014 16:00:00,31
12/16/2014 16:00:00,30.73
12/17/2014 16:00:00,31.15
12/18/2014 16:00:00,31.75
12/19/2014 16:00:00,32.81
12/22/2014 16:00:00,33.23
12/23/2014 16:00:00,33.56
12/24/2014 16:00:00,33.43
12/26/2014 16:00:00,33.73
12/29/2014 16:00:00,34.6
12/30/2014 16:00:00,35.09
12/31/2014 16:00:00,34.91
1/2/2015 16:00:00,34.84
1/5/2015 16:00:00,34.33
1/6/2015 16:00:00,34.85
1/7/2015 16:00:00,35.84
1/8/2015 16:00:00,36.2
1/9/2015 16:00:00,35.59
1/12/2015 16:00:00,35.84
1/13/2015 16:00:00,35.25
1/14/2015 16:00:00,34.3
1/15/2015 16:00:00,33.43
1/16/2015 16:00:00,33.68
1/20/2015 16:00:00,33.93
1/21/2015 16:00:00,33.89
1/22/2015 16:00:00,33.82
1/23/2015 16:00:00,33.75
1/26/2015 16:00:00,33.7
1/27/2015 16:00:00,33.42
1/28/2015 16:00:00,32.84
1/29/2015 16:00:00,33.16
1/30/2015 16:00:00,32.62
2/2/2015 16:00:00,33.11
2/3/2015 16:00:00,33.98
2/4/2015 16:00:00,35.83
2/5/2015 16:00:00,36.25
2/6/2015 16:00:00,36
2/9/2015 16:00:00,36
2/10/2015 16:00:00,37.52
2/11/2015 16:00:00,37.67
2/12/2015 16:00:00,38.02
2/13/2015 16:00:00,37.62
2/17/2015 16:00:00,37.24
2/18/2015 16:00:00,37.19
2/19/2015 16:00:00,37.51
2/20/2015 16:00:00,37.65
2/23/2015 16:00:00,37.69
2/24/2015 16:00:00,37.75
2/25/2015 16:00:00,37.86
2/26/2015 16:00:00,37.56
2/27/2015 16:00:00,37.31
3/2/2015 16:00:00,37.61
3/3/2015 16:00:00,37.8
3/4/2015 16:00:00,37.57
3/5/2015 16:00:00,37.61
3/6/2015 16:00:00,36.84
3/9/2015 16:00:00,37.66
3/10/2015 16:00:00,37.55
3/11/2015 16:00:00,37.78
3/12/2015 16:00:00,38.43
3/13/2015 16:00:00,38.05
3/16/2015 16:00:00,38.58
3/17/2015 16:00:00,38.29
3/18/2015 16:00:00,38.5
3/19/2015 16:00:00,38.65
3/20/2015 16:00:00,38.87
3/23/2015 16:00:00,38.59
3/24/2015 16:00:00,37.85
3/25/2015 16:00:00,37.38
3/26/2015 16:00:00,37.35
3/27/2015 16:00:00,37.31
3/30/2015 16:00:00,37.68
3/31/2015 16:00:00,37.5
4/1/2015 16:00:00,36.74
4/2/2015 16:00:00,36.5
4/6/2015 16:00:00,36.66
4/7/2015 16:00:00,35.73
4/8/2015 16:00:00,36.11
4/9/2015 16:00:00,36.29
4/10/2015 16:00:00,36.57
4/13/2015 16:00:00,36.4
4/14/2015 16:00:00,36.48
4/15/2015 16:00:00,36.94
4/16/2015 16:00:00,37.08
4/17/2015 16:00:00,36.64
4/20/2015 16:00:00,37.11
4/21/2015 16:00:00,37.16
4/22/2015 16:00:00,37.16
4/23/2015 16:00:00,35.92
4/24/2015 16:00:00,35.59
4/27/2015 16:00:00,35.78
4/28/2015 16:00:00,35.72
4/29/2015 16:00:00,35.51
4/30/2015 16:00:00,35.06
5/1/2015 16:00:00,35.42
5/4/2015 16:00:00,35.4
5/5/2015 16:00:00,35.01
5/6/2015 16:00:00,34.77
5/7/2015 16:00:00,34.88
5/8/2015 16:00:00,35.32
5/11/2015 16:00:00,35.22
5/12/2015 16:00:00,34.74
5/13/2015 16:00:00,34.8
5/14/2015 16:00:00,34.65
5/15/2015 16:00:00,34.91
5/18/2015 16:00:00,35.05
5/19/2015 16:00:00,35.12
5/20/2015 16:00:00,35.02
5/21/2015 16:00:00,35.58
5/22/2015 16:00:00,35.7
5/26/2015 16:00:00,35.52
5/27/2015 16:00:00,35.81
5/28/2015 16:00:00,36.39
5/29/2015 16:00:00,35.97
6/1/2015 16:00:00,36.18
6/2/2015 16:00:00,36.22
6/3/2015 16:00:00,35.94
6/4/2015 16:00:00,35.54
6/5/2015 16:00:00,35.12
6/8/2015 16:00:00,34.99
6/9/2015 16:00:00,35.26
6/10/2015 16:00:00,35.59
6/11/2015 16:00:00,35.55
6/12/2015 16:00:00,35.71
6/15/2015 16:00:00,35.46
6/16/2015 16:00:00,35.61
6/17/2015 16:00:00,35.81
6/18/2015 16:00:00,36.2
6/19/2015 16:00:00,36.11
6/22/2015 16:00:00,36.19
6/23/2015 16:00:00,36.3
6/24/2015 16:00:00,35.16
6/25/2015 16:00:00,34.7
6/26/2015 16:00:00,34.38
6/29/2015 16:00:00,33.23
6/30/2015 16:00:00,33.33
7/1/2015 16:00:00,33.04
7/2/2015 16:00:00,33.23
7/6/2015 16:00:00,32.65
7/7/2015 16:00:00,32.86
7/8/2015 16:00:00,31.19
7/9/2015 16:00:00,31.01
7/10/2015 16:00:00,31.4
7/13/2015 16:00:00,31.68
7/14/2015 16:00:00,31.77
7/15/2015 16:00:00,31.43
7/16/2015 16:00:00,30.61
7/17/2015 16:00:00,30.65
7/20/2015 16:00:00,30.5
7/21/2015 16:00:00,30.39
7/22/2015 16:00:00,30.3
7/23/2015 16:00:00,31.5
7/24/2015 16:00:00,31.06
7/27/2015 16:00:00,31.05
7/28/2015 16:00:00,31.32
7/29/2015 16:00:00,31.95
7/30/2015 16:00:00,31.91
7/31/2015 16:00:00,31.51
8/3/2015 16:00:00,31.68
8/4/2015 16:00:00,31.52
8/5/2015 16:00:00,31.6
8/6/2015 16:00:00,31.86
8/7/2015 16:00:00,31.74
8/10/2015 16:00:00,31.94
8/11/2015 16:00:00,30.83
8/12/2015 16:00:00,30.87
8/13/2015 16:00:00,31.06
8/14/2015 16:00:00,31.49
8/17/2015 16:00:00,31.61
8/18/2015 16:00:00,31.71
8/19/2015 16:00:00,31.63
8/20/2015 16:00:00,30.84
8/21/2015 16:00:00,29.6
8/24/2015 16:00:00,27.8
8/25/2015 16:00:00,27.28
8/26/2015 16:00:00,28.1
8/27/2015 16:00:00,28.58
8/28/2015 16:00:00,29
8/31/2015 16:00:00,29.44
9/1/2015 16:00:00,28.64
9/2/2015 16:00:00,29.21
9/3/2015 16:00:00,29.11
9/4/2015 16:00:00,28.88
9/8/2015 16:00:00,29.88
9/9/2015 16:00:00,29.62
9/10/2015 16:00:00,30
9/11/2015 16:00:00,30.15
9/14/2015 16:00:00,30.72
9/15/2015 16:00:00,30.99
9/16/2015 16:00:00,31.2
9/17/2015 16:00:00,31.31
9/18/2015 16:00:00,30.51
9/21/2015 16:00:00,30.62
9/22/2015 16:00:00,30.03
9/23/2015 16:00:00,29.72
9/24/2015 16:00:00,29.44
9/25/2015 16:00:00,29.41
9/28/2015 16:00:00,28.56
9/29/2015 16:00:00,29.15
9/30/2015 16:00:00,30.02
10/1/2015 16:00:00,30.67
10/2/2015 16:00:00,31.73
10/5/2015 16:00:00,31.76
10/6/2015 16:00:00,32.22
10/7/2015 16:00:00,33.05
10/8/2015 16:00:00,33.43
10/9/2015 16:00:00,32.95
10/12/2015 16:00:00,33.02
10/13/2015 16:00:00,33.13
10/14/2015 16:00:00,33.33
10/15/2015 16:00:00,33.32
10/16/2015 16:00:00,33.15
10/19/2015 16:00:00,33.24
10/20/2015 16:00:00,33.48
10/21/2015 16:00:00,35.42
10/22/2015 16:00:00,35.42
10/23/2015 16:00:00,35.95
10/26/2015 16:00:00,35.67
10/27/2015 16:00:00,34.97
10/28/2015 16:00:00,35.22
10/29/2015 16:00:00,34.75
10/30/2015 16:00:00,34.91
11/2/2015 16:00:00,35.57
11/3/2015 16:00:00,35.78
11/4/2015 16:00:00,35.42
11/5/2015 16:00:00,35.44
11/6/2015 16:00:00,35.75
11/9/2015 16:00:00,35.67
11/10/2015 16:00:00,35.62
11/11/2015 16:00:00,35.55
11/12/2015 16:00:00,35.09
11/13/2015 16:00:00,34.31
11/16/2015 16:00:00,35.17
11/17/2015 16:00:00,35.21
11/18/2015 16:00:00,36.46
11/19/2015 16:00:00,36.14
11/20/2015 16:00:00,36.34
11/23/2015 16:00:00,36.08
11/24/2015 16:00:00,36.22
11/25/2015 16:00:00,36.34
11/27/2015 16:00:00,36.37
11/30/2015 16:00:00,36.2
12/1/2015 16:00:00,36.26
12/2/2015 16:00:00,35.73
12/3/2015 16:00:00,35.47
12/4/2015 16:00:00,36.25
12/7/2015 16:00:00,36.13
12/8/2015 16:00:00,35.48
12/9/2015 16:00:00,35.45
12/10/2015 16:00:00,35.63
12/11/2015 16:00:00,34.55
12/14/2015 16:00:00,34.39
12/15/2015 16:00:00,34.54
12/16/2015 16:00:00,35.14
12/17/2015 16:00:00,34.11
12/18/2015 16:00:00,33.67
12/21/2015 16:00:00,33.83
12/22/2015 16:00:00,34.29
12/23/2015 16:00:00,34.78
12/24/2015 16:00:00,34.6
12/28/2015 16:00:00,34.51
12/29/2015 16:00:00,34.5
12/30/2015 16:00:00,34.33
12/31/2015 16:00:00,34.01
1/4/2016 16:00:00,33.31
1/5/2016 16:00:00,32.43
1/6/2016 16:00:00,31.27
1/7/2016 16:00:00,29.99
1/8/2016 16:00:00,29.53
1/11/2016 16:00:00,30.25
1/12/2016 16:00:00,30.3
1/13/2016 16:00:00,30.49
1/14/2016 16:00:00,30.3
1/15/2016 16:00:00,29.57
1/19/2016 16:00:00,29.4
1/20/2016 16:00:00,29.42
1/21/2016 16:00:00,29.55
1/22/2016 16:00:00,29.28
1/25/2016 16:00:00,29.23
1/26/2016 16:00:00,29.65
1/27/2016 16:00:00,29.21
1/28/2016 16:00:00,29.02
1/29/2016 16:00:00,29.64
2/1/2016 16:00:00,30.11
2/2/2016 16:00:00,29.65
2/3/2016 16:00:00,28.92
2/4/2016 16:00:00,28.64
2/5/2016 16:00:00,28.54
2/8/2016 16:00:00,28.68
2/9/2016 16:00:00,27.87
2/10/2016 16:00:00,27.71
2/11/2016 16:00:00,26.9
2/12/2016 16:00:00,27.71
2/16/2016 16:00:00,28.58
2/17/2016 16:00:00,29.27
2/18/2016 16:00:00,29.03
2/19/2016 16:00:00,28.78
2/22/2016 16:00:00,29.63
2/23/2016 16:00:00,29.38
2/24/2016 16:00:00,28.84
2/25/2016 16:00:00,29.5
2/26/2016 16:00:00,29.63
2/29/2016 16:00:00,29.44
3/1/2016 16:00:00,30.01
3/2/2016 16:00:00,30.15
3/3/2016 16:00:00,31.07
3/4/2016 16:00:00,31.37
3/7/2016 16:00:00,31.59
3/8/2016 16:00:00,30.68
3/9/2016 16:00:00,30.54
3/10/2016 16:00:00,30.82
3/11/2016 16:00:00,31.26
3/14/2016 16:00:00,31.18
3/15/2016 16:00:00,31.05
3/16/2016 16:00:00,31.69
3/17/2016 16:00:00,31.96
3/18/2016 16:00:00,31.96
3/21/2016 16:00:00,32.08
3/22/2016 16:00:00,31.9
3/23/2016 16:00:00,31.31
3/24/2016 16:00:00,30.96
3/28/2016 16:00:00,31.02
3/29/2016 16:00:00,31.19
3/30/2016 16:00:00,30.99
3/31/2016 16:00:00,31.43
4/1/2016 16:00:00,30.47
4/4/2016 16:00:00,29.9
4/5/2016 16:00:00,29.6
4/6/2016 16:00:00,29.94
4/7/2016 16:00:00,29.42
4/8/2016 16:00:00,29.37
4/11/2016 16:00:00,29.53
4/12/2016 16:00:00,29.71
4/13/2016 16:00:00,30.78
4/14/2016 16:00:00,30.72
4/15/2016 16:00:00,30.56
4/18/2016 16:00:00,31.31
4/19/2016 16:00:00,31.97
4/20/2016 16:00:00,32.19
4/21/2016 16:00:00,32.66
4/22/2016 16:00:00,32.18
4/25/2016 16:00:00,31.95
4/26/2016 16:00:00,32.19
4/27/2016 16:00:00,32.16
4/28/2016 16:00:00,32.44
4/29/2016 16:00:00,31.8
5/2/2016 16:00:00,31.75
5/3/2016 16:00:00,31.25
5/4/2016 16:00:00,30.59
5/5/2016 16:00:00,30.54
5/6/2016 16:00:00,30.96
5/9/2016 16:00:00,30.78
5/10/2016 16:00:00,31.35
5/11/2016 16:00:00,31.08
5/12/2016 16:00:00,31.18
5/13/2016 16:00:00,30.52
5/16/2016 16:00:00,30.67
5/17/2016 16:00:00,30.63
5/18/2016 16:00:00,30.75
5/19/2016 16:00:00,30.32
5/20/2016 16:00:00,30.57
5/23/2016 16:00:00,30.59
5/24/2016 16:00:00,31.05
5/25/2016 16:00:00,31.65
5/26/2016 16:00:00,31.29
5/27/2016 16:00:00,31.39
5/31/2016 16:00:00,31.28
6/1/2016 16:00:00,30.22
6/2/2016 16:00:00,30.26
6/3/2016 16:00:00,29.6
6/6/2016 16:00:00,29.99
6/7/2016 16:00:00,30.23
6/8/2016 16:00:00,29.57
6/9/2016 16:00:00,29.36
6/10/2016 16:00:00,29.06
6/13/2016 16:00:00,29.08
6/14/2016 16:00:00,28.83
6/15/2016 16:00:00,28.86
6/16/2016 16:00:00,29.02
6/17/2016 16:00:00,29.23
6/20/2016 16:00:00,29.65
6/21/2016 16:00:00,29.51
6/22/2016 16:00:00,29.32
6/23/2016 16:00:00,29.82
6/24/2016 16:00:00,28.35
6/27/2016 16:00:00,27.51
6/28/2016 16:00:00,27.74
6/29/2016 16:00:00,28.17
6/30/2016 16:00:00,28.3
7/1/2016 16:00:00,28.89
7/5/2016 16:00:00,28.17
7/6/2016 16:00:00,28.4
7/7/2016 16:00:00,28.74
7/8/2016 16:00:00,29.66
7/11/2016 16:00:00,30.13
7/12/2016 16:00:00,30.6
7/13/2016 16:00:00,30.63
7/14/2016 16:00:00,30.76
7/15/2016 16:00:00,30.77
7/18/2016 16:00:00,30.87
7/19/2016 16:00:00,31.25
7/20/2016 16:00:00,31.49
7/21/2016 16:00:00,32.03
7/22/2016 16:00:00,32.16
7/25/2016 16:00:00,32.06
7/26/2016 16:00:00,32.15
7/27/2016 16:00:00,32.02
7/28/2016 16:00:00,30.99
7/29/2016 16:00:00,31.54
8/1/2016 16:00:00,31.3
8/2/2016 16:00:00,29.93
8/3/2016 16:00:00,30.24
8/4/2016 16:00:00,30.34
8/5/2016 16:00:00,30.8
8/8/2016 16:00:00,30.88
8/9/2016 16:00:00,31.07
8/10/2016 16:00:00,31.25
8/11/2016 16:00:00,31.75
8/12/2016 16:00:00,31.57
8/15/2016 16:00:00,31.86
8/16/2016 16:00:00,31.71
8/17/2016 16:00:00,31.85
8/18/2016 16:00:00,31.55
8/19/2016 16:00:00,31.83
8/22/2016 16:00:00,31.87
8/23/2016 16:00:00,31.9
8/24/2016 16:00:00,31.78
8/25/2016 16:00:00,31.54
8/26/2016 16:00:00,31.53
8/29/2016 16:00:00,31.81
8/30/2016 16:00:00,31.67
8/31/2016 16:00:00,31.92
9/1/2016 16:00:00,31.8
9/2/2016 16:00:00,32.16
9/6/2016 16:00:00,32.12
9/7/2016 16:00:00,31.89
9/8/2016 16:00:00,31.71
9/9/2016 16:00:00,30.48
9/12/2016 16:00:00,31.18
9/13/2016 16:00:00,30.94
9/14/2016 16:00:00,30.71
9/15/2016 16:00:00,31.12
9/16/2016 16:00:00,30.97
9/19/2016 16:00:00,31.72
9/20/2016 16:00:00,31.65
9/21/2016 16:00:00,32.11
9/22/2016 16:00:00,32.39
9/23/2016 16:00:00,32.12
9/26/2016 16:00:00,31.8
9/27/2016 16:00:00,31.6
9/28/2016 16:00:00,31.9
9/29/2016 16:00:00,31.48
9/30/2016 16:00:00,31.77
10/3/2016 16:00:00,32.04
10/4/2016 16:00:00,32.17
10/5/2016 16:00:00,32.68
10/6/2016 16:00:00,32.53
10/7/2016 16:00:00,32.34
10/10/2016 16:00:00,32.15
10/11/2016 16:00:00,31.89
10/12/2016 16:00:00,31.68
10/13/2016 16:00:00,31.51
10/14/2016 16:00:00,31.87
10/17/2016 16:00:00,31.56
10/18/2016 16:00:00,31.4
10/19/2016 16:00:00,31.85
10/20/2016 16:00:00,31.75
10/21/2016 16:00:00,32.04
10/24/2016 16:00:00,32.98
10/25/2016 16:00:00,31.6
10/26/2016 16:00:00,31.58
10/27/2016 16:00:00,31.33
10/28/2016 16:00:00,31.32
10/31/2016 16:00:00,31.6
11/1/2016 16:00:00,31.48
11/2/2016 16:00:00,31.45
11/3/2016 16:00:00,31.07
11/4/2016 16:00:00,31.16
11/7/2016 16:00:00,32.02
11/8/2016 16:00:00,31.73
11/9/2016 16:00:00,30.96
11/10/2016 16:00:00,32.73
11/11/2016 16:00:00,34.02
11/14/2016 16:00:00,33.28
11/15/2016 16:00:00,33.43
11/16/2016 16:00:00,33.23
11/17/2016 16:00:00,33.42
11/18/2016 16:00:00,33
11/21/2016 16:00:00,33.01
11/22/2016 16:00:00,33.81
11/23/2016 16:00:00,33.86
11/25/2016 16:00:00,34.25
11/28/2016 16:00:00,34.05
11/29/2016 16:00:00,34.57
11/30/2016 16:00:00,34.53
12/1/2016 16:00:00,36.43
12/2/2016 16:00:00,35.41
12/5/2016 16:00:00,34.94
12/6/2016 16:00:00,35.07
12/7/2016 16:00:00,36.3
12/8/2016 16:00:00,36.42
12/9/2016 16:00:00,37.66
12/12/2016 16:00:00,37.1
12/13/2016 16:00:00,37.36
12/14/2016 16:00:00,35.95
12/15/2016 16:00:00,36.24
12/16/2016 16:00:00,36.37
12/19/2016 16:00:00,36.4
12/20/2016 16:00:00,36.61
12/21/2016 16:00:00,36.42
12/22/2016 16:00:00,35.69
12/23/2016 16:00:00,35.69
12/27/2016 16:00:00,35.54
12/28/2016 16:00:00,35.15
12/29/2016 16:00:00,35.14
12/30/2016 16:00:00,34.84
1/3/2017 16:00:00,35.15
1/4/2017 16:00:00,37.09
1/5/2017 16:00:00,36.39
1/6/2017 16:00:00,35.99
1/9/2017 16:00:00,36.01
1/10/2017 16:00:00,37.35
1/11/2017 16:00:00,37.95
1/12/2017 16:00:00,37.51
1/13/2017 16:00:00,37.34
1/17/2017 16:00:00,37.31
1/18/2017 16:00:00,37.47
1/19/2017 16:00:00,37.3
1/20/2017 16:00:00,37.01
1/23/2017 16:00:00,36.65
1/24/2017 16:00:00,37
1/25/2017 16:00:00,38.28
1/26/2017 16:00:00,37.52
1/27/2017 16:00:00,37.01
1/30/2017 16:00:00,36.33
1/31/2017 16:00:00,36.61
2/1/2017 16:00:00,36.14
2/2/2017 16:00:00,35.73
2/3/2017 16:00:00,36.33
2/6/2017 16:00:00,36.83
2/7/2017 16:00:00,35.1
2/8/2017 16:00:00,35.14
2/9/2017 16:00:00,35.08
2/10/2017 16:00:00,35.17
2/13/2017 16:00:00,35.52
2/14/2017 16:00:00,37.24
2/15/2017 16:00:00,37.08
2/16/2017 16:00:00,37.03
2/17/2017 16:00:00,37.22
2/21/2017 16:00:00,37.81
2/22/2017 16:00:00,37.84
2/23/2017 16:00:00,37.25
2/24/2017 16:00:00,36.9
2/27/2017 16:00:00,37.27
2/28/2017 16:00:00,36.84
3/1/2017 16:00:00,37.43
3/2/2017 16:00:00,37.76
3/3/2017 16:00:00,38.23
3/6/2017 16:00:00,37.91
3/7/2017 16:00:00,37.52
3/8/2017 16:00:00,37.27
3/9/2017 16:00:00,36.83
3/10/2017 16:00:00,36.83
3/13/2017 16:00:00,36.87
3/14/2017 16:00:00,36.96
3/15/2017 16:00:00,37.09
3/16/2017 16:00:00,37.08
3/17/2017 16:00:00,36.33
3/20/2017 16:00:00,35.71
3/21/2017 16:00:00,34.55
3/22/2017 16:00:00,34.39
3/23/2017 16:00:00,34.26
3/24/2017 16:00:00,34.56
3/27/2017 16:00:00,34.71
3/28/2017 16:00:00,35.56
3/29/2017 16:00:00,35.54
3/30/2017 16:00:00,35.41
3/31/2017 16:00:00,35.36
4/3/2017 16:00:00,34.17
4/4/2017 16:00:00,34.27
4/5/2017 16:00:00,34
4/6/2017 16:00:00,34.16
4/7/2017 16:00:00,33.71
4/10/2017 16:00:00,33.97
4/11/2017 16:00:00,33.92
4/12/2017 16:00:00,33.94
4/13/2017 16:00:00,33.39
4/17/2017 16:00:00,33.9
4/18/2017 16:00:00,33.69
4/19/2017 16:00:00,33.79
4/20/2017 16:00:00,34.1
4/21/2017 16:00:00,33.75
4/24/2017 16:00:00,33.91
4/25/2017 16:00:00,33.99
4/26/2017 16:00:00,34.38
4/27/2017 16:00:00,34.54
4/28/2017 16:00:00,34.64
5/1/2017 16:00:00,34.2
5/2/2017 16:00:00,33.2
5/3/2017 16:00:00,33.48
5/4/2017 16:00:00,33.15
5/5/2017 16:00:00,33.77
5/8/2017 16:00:00,33.97
5/9/2017 16:00:00,34.26
5/10/2017 16:00:00,34.23
5/11/2017 16:00:00,34.11
5/12/2017 16:00:00,33.62
5/15/2017 16:00:00,33.82
5/16/2017 16:00:00,33.42
5/17/2017 16:00:00,32.42
5/18/2017 16:00:00,32.47
5/19/2017 16:00:00,32.72
5/22/2017 16:00:00,32.92
5/23/2017 16:00:00,33.22
5/24/2017 16:00:00,33.2
5/25/2017 16:00:00,32.6
5/26/2017 16:00:00,33.07
5/30/2017 16:00:00,33.53
5/31/2017 16:00:00,33.93
6/1/2017 16:00:00,34.43
6/2/2017 16:00:00,34.45
6/5/2017 16:00:00,34.46
6/6/2017 16:00:00,34.43
6/7/2017 16:00:00,34.34
6/8/2017 16:00:00,34.11
6/9/2017 16:00:00,34.34
6/12/2017 16:00:00,34.68
6/13/2017 16:00:00,34.51
6/14/2017 16:00:00,34.61
6/15/2017 16:00:00,34.6
6/16/2017 16:00:00,34.29
6/19/2017 16:00:00,34.35
6/20/2017 16:00:00,34.4
6/21/2017 16:00:00,34.13
6/22/2017 16:00:00,34.19
6/23/2017 16:00:00,34.2
6/26/2017 16:00:00,34.52
6/27/2017 16:00:00,34.21
6/28/2017 16:00:00,34.58
6/29/2017 16:00:00,34.86
6/30/2017 16:00:00,34.93
7/3/2017 16:00:00,35.57
7/5/2017 16:00:00,35.01
7/6/2017 16:00:00,34.87
7/7/2017 16:00:00,34.94
7/10/2017 16:00:00,35.19
7/11/2017 16:00:00,35.4
7/12/2017 16:00:00,35.5
7/13/2017 16:00:00,35.86
7/14/2017 16:00:00,36.35
7/17/2017 16:00:00,36.38
7/18/2017 16:00:00,36.43
7/19/2017 16:00:00,36.47
7/20/2017 16:00:00,36.41
7/21/2017 16:00:00,36.07
7/24/2017 16:00:00,35.82
7/25/2017 16:00:00,35.57
7/26/2017 16:00:00,35.62
7/27/2017 16:00:00,35.94
7/28/2017 16:00:00,35.77
7/31/2017 16:00:00,35.98
8/1/2017 16:00:00,34.76
8/2/2017 16:00:00,34.82
8/3/2017 16:00:00,34.77
8/4/2017 16:00:00,35.27
8/7/2017 16:00:00,35.3
8/8/2017 16:00:00,35.39
8/9/2017 16:00:00,35.28
8/10/2017 16:00:00,34.88
8/11/2017 16:00:00,34.93
8/14/2017 16:00:00,35.47
8/15/2017 16:00:00,35.54
8/16/2017 16:00:00,35.75
8/17/2017 16:00:00,35
8/18/2017 16:00:00,34.83
8/21/2017 16:00:00,34.91
8/22/2017 16:00:00,35.3
8/23/2017 16:00:00,35.49
8/24/2017 16:00:00,35.52
8/25/2017 16:00:00,35.6
8/28/2017 16:00:00,35.51
8/29/2017 16:00:00,35.52
8/30/2017 16:00:00,35.82
8/31/2017 16:00:00,36.54
9/1/2017 16:00:00,37.36
9/5/2017 16:00:00,37.23
9/6/2017 16:00:00,37.67
9/7/2017 16:00:00,36.91
9/8/2017 16:00:00,37
9/11/2017 16:00:00,37.35
9/12/2017 16:00:00,37.89
9/13/2017 16:00:00,38.21
9/14/2017 16:00:00,38.79
9/15/2017 16:00:00,38.88
9/18/2017 16:00:00,38.59
9/19/2017 16:00:00,38.7
9/20/2017 16:00:00,38.88
9/21/2017 16:00:00,39.1
9/22/2017 16:00:00,39.42
9/25/2017 16:00:00,40.3
9/26/2017 16:00:00,40.26
9/27/2017 16:00:00,40.58
9/28/2017 16:00:00,40.58
9/29/2017 16:00:00,40.38
10/2/2017 16:00:00,42.15
10/3/2017 16:00:00,43.45
10/4/2017 16:00:00,43.78
10/5/2017 16:00:00,43.85
10/6/2017 16:00:00,44.93
10/9/2017 16:00:00,45.33
10/10/2017 16:00:00,45.21
10/11/2017 16:00:00,45.47
10/12/2017 16:00:00,44.89
10/13/2017 16:00:00,45.88
10/16/2017 16:00:00,45.76
10/17/2017 16:00:00,45.02
10/18/2017 16:00:00,45.12
10/19/2017 16:00:00,45.35
10/20/2017 16:00:00,45.61
10/23/2017 16:00:00,45.15
10/24/2017 16:00:00,46.48
10/25/2017 16:00:00,45.12
10/26/2017 16:00:00,45.25
10/27/2017 16:00:00,44.64
10/30/2017 16:00:00,43.37
10/31/2017 16:00:00,42.98
11/1/2017 16:00:00,43.13
11/2/2017 16:00:00,42.6
11/3/2017 16:00:00,42.34
11/6/2017 16:00:00,42.14
11/7/2017 16:00:00,41.7
11/8/2017 16:00:00,42.11
11/9/2017 16:00:00,42.11
11/10/2017 16:00:00,42.66
11/13/2017 16:00:00,43.57
11/14/2017 16:00:00,43
11/15/2017 16:00:00,42.86
11/16/2017 16:00:00,43.6
11/17/2017 16:00:00,43.88
11/20/2017 16:00:00,44.88
11/21/2017 16:00:00,44.97
11/22/2017 16:00:00,44.29
11/24/2017 13:00:00,44.46
11/27/2017 16:00:00,44.17
11/28/2017 16:00:00,44.92
11/29/2017 16:00:00,43.81
11/30/2017 16:00:00,43.09
12/1/2017 16:00:00,42.79
12/4/2017 16:00:00,43.05
12/5/2017 16:00:00,42.8
12/6/2017 16:00:00,42.15
12/7/2017 16:00:00,42.02
12/8/2017 16:00:00,42.02
12/11/2017 16:00:00,41.67
12/12/2017 16:00:00,41.53
12/13/2017 16:00:00,41.4
12/14/2017 16:00:00,40.81
12/15/2017 16:00:00,40.95
12/18/2017 16:00:00,42.15
12/19/2017 16:00:00,42.49
12/20/2017 16:00:00,42.52
12/21/2017 16:00:00,42.16
12/22/2017 16:00:00,42.02
12/26/2017 16:00:00,41.8
12/27/2017 16:00:00,41.31
12/28/2017 16:00:00,41.38
12/29/2017 16:00:00,40.99
1/2/2018 16:00:00,41.8
1/3/2018 16:00:00,42.82
1/4/2018 16:00:00,44.14
1/5/2018 16:00:00,44.01
1/8/2018 16:00:00,44.22
1/9/2018 16:00:00,44.05
1/10/2018 16:00:00,43
1/11/2018 16:00:00,44.19
1/12/2018 16:00:00,44.07
1/16/2018 16:00:00,44.19
1/17/2018 16:00:00,44.03
1/18/2018 16:00:00,43.86
1/19/2018 16:00:00,43.15
1/22/2018 16:00:00,43.29
1/23/2018 16:00:00,43.38
1/24/2018 16:00:00,44.16
1/25/2018 16:00:00,43.16
1/26/2018 16:00:00,43.49
1/29/2018 16:00:00,43.02
1/30/2018 16:00:00,42.7
1/31/2018 16:00:00,42.41
2/1/2018 16:00:00,42.43
2/2/2018 16:00:00,41
2/5/2018 16:00:00,39.54
2/6/2018 16:00:00,41.86
2/7/2018 16:00:00,42.39
2/8/2018 16:00:00,40.75
2/9/2018 16:00:00,41.46
2/12/2018 16:00:00,42
2/13/2018 16:00:00,41.4
2/14/2018 16:00:00,41.81
2/15/2018 16:00:00,41.85
2/16/2018 16:00:00,41.09
2/20/2018 16:00:00,40.77
2/21/2018 16:00:00,40.56
2/22/2018 16:00:00,40.91
2/23/2018 16:00:00,40.91
2/26/2018 16:00:00,41.54
2/27/2018 16:00:00,40.17
2/28/2018 16:00:00,39.35
3/1/2018 16:00:00,37.79
3/2/2018 16:00:00,37.43
3/5/2018 16:00:00,37.74
3/6/2018 16:00:00,37.93
3/7/2018 16:00:00,37.74
3/8/2018 16:00:00,37.84
3/9/2018 16:00:00,37.84
3/12/2018 16:00:00,37.83
3/13/2018 16:00:00,38.01
3/14/2018 16:00:00,37.69
3/15/2018 16:00:00,37.85
3/16/2018 16:00:00,37.94
3/19/2018 16:00:00,37.01
3/20/2018 16:00:00,36.89
3/21/2018 16:00:00,37.58
3/22/2018 16:00:00,36.35
3/23/2018 16:00:00,35.17
3/26/2018 16:00:00,35.99
3/27/2018 16:00:00,34.87
3/28/2018 16:00:00,35.47
3/29/2018 16:00:00,36.34
4/2/2018 16:00:00,35.76
4/3/2018 16:00:00,36.94
4/4/2018 16:00:00,38.03
4/5/2018 16:00:00,38
4/6/2018 16:00:00,37.68
4/9/2018 16:00:00,37.83
4/10/2018 16:00:00,39.07
4/11/2018 16:00:00,39
4/12/2018 16:00:00,38.83
4/13/2018 16:00:00,38.73
4/16/2018 16:00:00,39.17
4/17/2018 16:00:00,39.22
4/18/2018 16:00:00,38.93
4/19/2018 16:00:00,37.77
4/20/2018 16:00:00,37.61
4/23/2018 16:00:00,37.69
4/24/2018 16:00:00,37.93
4/25/2018 16:00:00,38.11
4/26/2018 16:00:00,38.25
4/27/2018 16:00:00,37.65
4/30/2018 16:00:00,36.74
5/1/2018 16:00:00,36.42
5/2/2018 16:00:00,36.2
5/3/2018 16:00:00,36.15
5/4/2018 16:00:00,36.71
5/7/2018 16:00:00,36.34
5/8/2018 16:00:00,36.33
5/9/2018 16:00:00,36.27
5/10/2018 16:00:00,37.16
5/11/2018 16:00:00,36.89
5/14/2018 16:00:00,36.63
5/15/2018 16:00:00,36.94
5/16/2018 16:00:00,38.03
5/17/2018 16:00:00,38.3
5/18/2018 16:00:00,37.79
5/21/2018 16:00:00,38.09
5/22/2018 16:00:00,38.28
5/23/2018 16:00:00,37.85
5/24/2018 16:00:00,38.39
5/25/2018 16:00:00,38.3
5/29/2018 16:00:00,37.38
5/30/2018 16:00:00,37.83
5/31/2018 16:00:00,42.7
6/1/2018 16:00:00,43.2
6/4/2018 16:00:00,43.78
6/5/2018 16:00:00,43.41
6/6/2018 16:00:00,43.93
6/7/2018 16:00:00,44.01
6/8/2018 16:00:00,44.25
6/11/2018 16:00:00,44.85
6/12/2018 16:00:00,44.18
6/13/2018 16:00:00,44.45
6/14/2018 16:00:00,43.57
6/15/2018 16:00:00,43.91
6/18/2018 16:00:00,43.95
6/19/2018 16:00:00,42.26
6/20/2018 16:00:00,41.95
6/21/2018 16:00:00,41.12
6/22/2018 16:00:00,41.25
6/25/2018 16:00:00,40.61
6/26/2018 16:00:00,41.01
6/27/2018 16:00:00,40.37
6/28/2018 16:00:00,40.52
6/29/2018 16:00:00,39.4
7/2/2018 16:00:00,39.5
7/3/2018 13:00:00,38.97
7/5/2018 16:00:00,39.47
7/6/2018 16:00:00,39.16
7/9/2018 16:00:00,39.75
7/10/2018 16:00:00,40.09
7/11/2018 16:00:00,39.3
7/12/2018 16:00:00,39.27
7/13/2018 16:00:00,39.36
7/16/2018 16:00:00,39.56
7/17/2018 16:00:00,40.03
7/18/2018 16:00:00,39.87
7/19/2018 16:00:00,39.31
7/20/2018 16:00:00,39.4
7/23/2018 16:00:00,39.27
7/24/2018 16:00:00,39.48
7/25/2018 16:00:00,37.65
7/26/2018 16:00:00,36.75
7/27/2018 16:00:00,37.53
7/30/2018 16:00:00,37.67
7/31/2018 16:00:00,37.91
8/1/2018 16:00:00,37.14
8/2/2018 16:00:00,36.62
8/3/2018 16:00:00,37.73
8/6/2018 16:00:00,37.6
8/7/2018 16:00:00,37.58
8/8/2018 16:00:00,37.66
8/9/2018 16:00:00,37.51
8/10/2018 16:00:00,36.59
8/13/2018 16:00:00,36.16
8/14/2018 16:00:00,36.2
8/15/2018 16:00:00,35.94
8/16/2018 16:00:00,36.29
8/17/2018 16:00:00,36.38
8/20/2018 16:00:00,36.77
8/21/2018 16:00:00,36.91
8/22/2018 16:00:00,36.13
8/23/2018 16:00:00,35.67
8/24/2018 16:00:00,35.95
8/27/2018 16:00:00,37.69
8/28/2018 16:00:00,37.32
8/29/2018 16:00:00,37.12
8/30/2018 16:00:00,36.36
8/31/2018 16:00:00,36.05
9/4/2018 16:00:00,35.6
9/5/2018 16:00:00,35.29
9/6/2018 16:00:00,34.38
9/7/2018 16:00:00,33.91
9/10/2018 16:00:00,33.87
9/11/2018 16:00:00,33.77
9/12/2018 16:00:00,34.06
9/13/2018 16:00:00,34.25
9/14/2018 16:00:00,34.63
9/17/2018 16:00:00,35.02
9/18/2018 16:00:00,35.1
9/19/2018 16:00:00,35.73
9/20/2018 16:00:00,36.08
9/21/2018 16:00:00,35.32
9/24/2018 16:00:00,34.75
9/25/2018 16:00:00,33.55
9/26/2018 16:00:00,33.73
9/27/2018 16:00:00,33.67
9/28/2018 16:00:00,33.67
10/1/2018 16:00:00,34.2
10/2/2018 16:00:00,33.3
10/3/2018 16:00:00,34
10/4/2018 16:00:00,34.25
10/5/2018 16:00:00,34.12
10/8/2018 16:00:00,34.25
10/9/2018 16:00:00,32.65
10/10/2018 16:00:00,32.6
10/11/2018 16:00:00,32.31
10/12/2018 16:00:00,31.79
10/15/2018 16:00:00,32.12
10/16/2018 16:00:00,32.34
10/17/2018 16:00:00,31.93
10/18/2018 16:00:00,31.08
10/19/2018 16:00:00,31.2
10/22/2018 16:00:00,31.34
10/23/2018 16:00:00,32.12
10/24/2018 16:00:00,30.56
10/25/2018 16:00:00,32
10/26/2018 16:00:00,32.65
10/29/2018 16:00:00,33.13
10/30/2018 16:00:00,33.54
10/31/2018 16:00:00,36.59
11/1/2018 16:00:00,36.47
11/2/2018 16:00:00,36.03
11/5/2018 16:00:00,36.25
11/6/2018 16:00:00,36.46
11/7/2018 16:00:00,36.88
11/8/2018 16:00:00,36.57
11/9/2018 16:00:00,35.7
11/12/2018 16:00:00,35.69
11/13/2018 16:00:00,35.93
11/14/2018 16:00:00,35.23
11/15/2018 16:00:00,35.55
11/16/2018 16:00:00,35.75
11/19/2018 16:00:00,35.68
11/20/2018 16:00:00,35.09
11/21/2018 16:00:00,35.55
11/23/2018 13:00:00,35.93
11/26/2018 16:00:00,37.65
11/27/2018 16:00:00,36.69
11/28/2018 16:00:00,36.95
11/29/2018 16:00:00,36.76
11/30/2018 16:00:00,37.95
12/3/2018 16:00:00,38.45
12/4/2018 16:00:00,36.52
12/6/2018 16:00:00,35.7
12/7/2018 16:00:00,34.69
12/10/2018 16:00:00,34.42
12/11/2018 16:00:00,34.69
12/12/2018 16:00:00,35.68
12/13/2018 16:00:00,35.11
12/14/2018 16:00:00,35.1
12/17/2018 16:00:00,34.66
12/18/2018 16:00:00,34.9
12/19/2018 16:00:00,34.93
12/20/2018 16:00:00,34.27
12/21/2018 16:00:00,32.98
12/24/2018 13:00:00,32.37
12/26/2018 16:00:00,33.52
12/27/2018 16:00:00,33.96
12/28/2018 16:00:00,33.92
12/31/2018 16:00:00,33.45
1/2/2019 16:00:00,33.64
1/3/2019 16:00:00,32.25
1/4/2019 16:00:00,33.33
1/7/2019 16:00:00,34.36
1/8/2019 16:00:00,34.81
1/9/2019 16:00:00,35.18
1/10/2019 16:00:00,34.73
1/11/2019 16:00:00,37.18
1/14/2019 16:00:00,37.66
1/15/2019 16:00:00,37.55
1/16/2019 16:00:00,37.67
1/17/2019 16:00:00,38.26
1/18/2019 16:00:00,38.61
1/22/2019 16:00:00,38.15
1/23/2019 16:00:00,37.67
1/24/2019 16:00:00,38.16
1/25/2019 16:00:00,38.64
1/28/2019 16:00:00,38.46
1/29/2019 16:00:00,38.47
1/30/2019 16:00:00,39.09
1/31/2019 16:00:00,39.02
2/1/2019 16:00:00,38.78
2/4/2019 16:00:00,38.93
2/5/2019 16:00:00,39.3
2/6/2019 16:00:00,39.91
2/7/2019 16:00:00,38.65
2/8/2019 16:00:00,38.7
2/11/2019 16:00:00,38.63
2/12/2019 16:00:00,39.03
2/13/2019 16:00:00,39
2/14/2019 16:00:00,38.89
2/15/2019 16:00:00,39.09
2/19/2019 16:00:00,39.53
2/20/2019 16:00:00,39.95
2/21/2019 16:00:00,39.62
2/22/2019 16:00:00,39.99
2/25/2019 16:00:00,40.14
2/26/2019 16:00:00,40.11
2/27/2019 16:00:00,40
2/28/2019 16:00:00,39.48
3/1/2019 16:00:00,39.53
3/4/2019 16:00:00,39.25
3/5/2019 16:00:00,39.28
3/6/2019 16:00:00,38.67
3/7/2019 16:00:00,38.04
3/8/2019 16:00:00,37.99
3/11/2019 16:00:00,38.62
3/12/2019 16:00:00,38.62
3/13/2019 16:00:00,38.8
3/14/2019 16:00:00,38.03
3/15/2019 16:00:00,38.07
3/18/2019 16:00:00,37.98
3/19/2019 16:00:00,38.27
3/20/2019 16:00:00,37
3/21/2019 16:00:00,37.35
3/22/2019 16:00:00,36.44
3/25/2019 16:00:00,36.75
3/26/2019 16:00:00,36.87
3/27/2019 16:00:00,36.61
3/28/2019 16:00:00,37.06
3/29/2019 16:00:00,37.1
4/1/2019 16:00:00,37.76
4/2/2019 16:00:00,37.81
4/3/2019 16:00:00,38.39
4/4/2019 16:00:00,38.79
4/5/2019 16:00:00,38.94
4/8/2019 16:00:00,39.06
4/9/2019 16:00:00,38.86
4/10/2019 16:00:00,39.25
4/11/2019 16:00:00,39.33
4/12/2019 16:00:00,39.71
4/15/2019 16:00:00,39.57
4/16/2019 16:00:00,39.66
4/17/2019 16:00:00,39.99
4/18/2019 16:00:00,40.3
4/22/2019 16:00:00,39.5
4/23/2019 16:00:00,39.83
4/24/2019 16:00:00,39.72
4/25/2019 16:00:00,39.11
4/26/2019 16:00:00,39.68
4/29/2019 16:00:00,40.01
4/30/2019 16:00:00,38.95
5/1/2019 16:00:00,38.75
5/2/2019 16:00:00,38.25
5/3/2019 16:00:00,38.8
5/6/2019 16:00:00,38.09
5/7/2019 16:00:00,38.53
5/8/2019 16:00:00,38.21
5/9/2019 16:00:00,37.58
5/10/2019 16:00:00,37.89
5/13/2019 16:00:00,36.56
5/14/2019 16:00:00,37.04
5/15/2019 16:00:00,37.37
5/16/2019 16:00:00,37.38
5/17/2019 16:00:00,37
5/20/2019 16:00:00,36.97
5/21/2019 16:00:00,37.13
5/22/2019 16:00:00,35.55
5/23/2019 16:00:00,35.13
5/24/2019 16:00:00,35.12
5/28/2019 16:00:00,34.85
5/29/2019 16:00:00,34.79
5/30/2019 16:00:00,34.82
5/31/2019 16:00:00,33.34
6/3/2019 16:00:00,33.7
6/4/2019 16:00:00,35.73
6/5/2019 16:00:00,35.84
6/6/2019 16:00:00,35.19
6/7/2019 16:00:00,35.49
6/10/2019 16:00:00,36.01
6/11/2019 16:00:00,36.2
6/12/2019 16:00:00,35.67
6/13/2019 16:00:00,36.02
6/14/2019 16:00:00,35.66
6/17/2019 16:00:00,36.14
6/18/2019 16:00:00,36.7
6/19/2019 16:00:00,36.78
6/20/2019 16:00:00,36.96
6/21/2019 16:00:00,36.92
6/24/2019 16:00:00,36.96
6/25/2019 16:00:00,37.68
6/26/2019 16:00:00,38.13
6/27/2019 16:00:00,38.32
6/28/2019 16:00:00,38.53
7/1/2019 16:00:00,38.75
7/2/2019 16:00:00,38.34
7/3/2019 13:00:00,38.16
7/5/2019 16:00:00,38.5
7/8/2019 16:00:00,38.23
7/9/2019 16:00:00,38.08
7/10/2019 16:00:00,38.1
7/11/2019 16:00:00,38.43
7/12/2019 16:00:00,39.21
7/15/2019 16:00:00,39.36
7/16/2019 16:00:00,39.43
7/17/2019 16:00:00,39.16
7/18/2019 16:00:00,39.12
7/19/2019 16:00:00,39.48
7/22/2019 16:00:00,39.86
7/23/2019 16:00:00,40.71
7/24/2019 16:00:00,40.88
7/25/2019 16:00:00,40.75
7/26/2019 16:00:00,40.77
7/29/2019 16:00:00,40.68
7/30/2019 16:00:00,40.43
7/31/2019 16:00:00,40.34
8/1/2019 16:00:00,40.15
8/2/2019 16:00:00,39.78
8/5/2019 16:00:00,39.01
8/6/2019 16:00:00,39.08
8/7/2019 16:00:00,39.39
8/8/2019 16:00:00,40.1
8/9/2019 16:00:00,39.61
8/12/2019 16:00:00,38.86
8/13/2019 16:00:00,39.01
8/14/2019 16:00:00,37.19
8/15/2019 16:00:00,36.47
8/16/2019 16:00:00,37
8/19/2019 16:00:00,37.36
8/20/2019 16:00:00,36.96
8/21/2019 16:00:00,37.12
8/22/2019 16:00:00,37.26
8/23/2019 16:00:00,36.06
8/26/2019 16:00:00,36.25
8/27/2019 16:00:00,35.89
8/28/2019 16:00:00,36.44
8/29/2019 16:00:00,36.91
8/30/2019 16:00:00,37.09
9/3/2019 16:00:00,36.91
9/4/2019 16:00:00,38.24
9/5/2019 16:00:00,38.73
9/6/2019 16:00:00,38.78
9/9/2019 16:00:00,39.58
9/10/2019 16:00:00,39.58
9/11/2019 16:00:00,39.46
9/12/2019 16:00:00,39.07
9/13/2019 16:00:00,38.86
9/16/2019 16:00:00,37.21
9/17/2019 16:00:00,38.29
9/18/2019 16:00:00,38.18
9/19/2019 16:00:00,37.78
9/20/2019 16:00:00,37.37
9/23/2019 16:00:00,37.24
9/24/2019 16:00:00,36.77
9/25/2019 16:00:00,37.11
9/26/2019 16:00:00,37.61
9/27/2019 16:00:00,37.42
9/30/2019 16:00:00,37.48
10/1/2019 16:00:00,36.11
10/2/2019 16:00:00,34.68
10/3/2019 16:00:00,34.98
10/4/2019 16:00:00,34.91
10/7/2019 16:00:00,34.75
10/8/2019 16:00:00,33.88
10/9/2019 16:00:00,34.14
10/10/2019 16:00:00,34.66
10/11/2019 16:00:00,35.57
10/14/2019 16:00:00,35.5
10/15/2019 16:00:00,36.26
10/16/2019 16:00:00,36.65
10/17/2019 16:00:00,36.19
10/18/2019 16:00:00,36.17
10/21/2019 16:00:00,35.93
10/22/2019 16:00:00,36.31
10/23/2019 16:00:00,36.61
10/24/2019 16:00:00,35.82
10/25/2019 16:00:00,36.74
10/28/2019 16:00:00,36.64
10/29/2019 16:00:00,38.21
10/30/2019 16:00:00,37.91
10/31/2019 16:00:00,37.16
11/1/2019 16:00:00,37.97
11/4/2019 16:00:00,38.39
11/5/2019 16:00:00,38.23
11/6/2019 16:00:00,38.42
11/7/2019 16:00:00,38.42
11/8/2019 16:00:00,38.67
11/11/2019 16:00:00,38.72
11/12/2019 16:00:00,38.59
11/13/2019 16:00:00,37.19
11/14/2019 16:00:00,36.8
11/15/2019 16:00:00,36.89
11/18/2019 16:00:00,36.62
11/19/2019 16:00:00,36.38
11/20/2019 16:00:00,35.28
11/21/2019 16:00:00,34.67
11/22/2019 16:00:00,35.33
11/25/2019 16:00:00,35.81
11/26/2019 16:00:00,35.91
11/27/2019 16:00:00,36.14
11/29/2019 13:00:00,36
12/2/2019 16:00:00,35.88
12/3/2019 16:00:00,35.53
12/4/2019 16:00:00,35.8
12/5/2019 16:00:00,35.31
12/6/2019 16:00:00,35.54
12/9/2019 16:00:00,35.38
12/10/2019 16:00:00,35.11
12/11/2019 16:00:00,35.24
12/12/2019 16:00:00,36.1
12/13/2019 16:00:00,35.65
12/16/2019 16:00:00,36.11
12/17/2019 16:00:00,36.31
12/18/2019 16:00:00,37.31
12/19/2019 16:00:00,37.26
12/20/2019 16:00:00,37.25
12/23/2019 16:00:00,36.77
12/24/2019 13:00:00,36.58
12/26/2019 16:00:00,36.48
12/27/2019 16:00:00,36.56
12/30/2019 16:00:00,36.44
12/31/2019 16:00:00,36.6
1/2/2020 16:00:00,37.38
1/3/2020 16:00:00,36.32
1/6/2020 16:00:00,35.84
1/7/2020 16:00:00,35.15
1/8/2020 16:00:00,34.65
1/9/2020 16:00:00,35.08
1/10/2020 16:00:00,34.65
1/13/2020 16:00:00,34.98
1/14/2020 16:00:00,35.15
1/15/2020 16:00:00,35.15
1/16/2020 16:00:00,35.55
1/17/2020 16:00:00,35.6
1/21/2020 16:00:00,34.99
1/22/2020 16:00:00,34.91
1/23/2020 16:00:00,34.88
1/24/2020 16:00:00,34.31
1/27/2020 16:00:00,33.41
1/28/2020 16:00:00,33.64
1/29/2020 16:00:00,33.6
1/30/2020 16:00:00,33.33
1/31/2020 16:00:00,33.39
2/3/2020 16:00:00,33.72
2/4/2020 16:00:00,34.37
2/5/2020 16:00:00,35.03
2/6/2020 16:00:00,34.33
2/7/2020 16:00:00,33.63
2/10/2020 16:00:00,34.25
2/11/2020 16:00:00,35.01
2/12/2020 16:00:00,35.49
2/13/2020 16:00:00,35.29
2/14/2020 16:00:00,34.76
2/18/2020 16:00:00,34.41
2/19/2020 16:00:00,34.92
2/20/2020 16:00:00,35.29
2/21/2020 16:00:00,34.65
2/24/2020 16:00:00,33.09
2/25/2020 16:00:00,31.75
2/26/2020 16:00:00,32
2/27/2020 16:00:00,30.71
2/28/2020 16:00:00,30.5
3/2/2020 16:00:00,31.42
3/3/2020 16:00:00,30.52
3/4/2020 16:00:00,31.53
3/5/2020 16:00:00,30.1
3/6/2020 16:00:00,28.69
3/9/2020 16:00:00,24.69
3/10/2020 16:00:00,27.12
3/11/2020 16:00:00,26
3/12/2020 16:00:00,23.04
3/13/2020 16:00:00,24.71
3/16/2020 16:00:00,21
3/17/2020 16:00:00,20.32
3/18/2020 16:00:00,16.8
3/19/2020 16:00:00,17.71
3/20/2020 16:00:00,18.14
3/23/2020 16:00:00,17.6
3/24/2020 16:00:00,21.11
3/25/2020 16:00:00,21.49
3/26/2020 16:00:00,22.56
3/27/2020 16:00:00,21.38
3/30/2020 16:00:00,21.32
3/31/2020 16:00:00,20.78
4/1/2020 16:00:00,19.26
4/2/2020 16:00:00,18.19
4/3/2020 16:00:00,18.04
4/6/2020 16:00:00,19.55
4/7/2020 16:00:00,21.3
4/8/2020 16:00:00,23.13
4/9/2020 16:00:00,24.06
4/13/2020 16:00:00,23.01
4/14/2020 16:00:00,22.98
4/15/2020 16:00:00,21.66
4/16/2020 16:00:00,20.87
4/17/2020 16:00:00,22.48
4/20/2020 16:00:00,22.38
4/21/2020 16:00:00,21.24
4/22/2020 16:00:00,21.3
4/23/2020 16:00:00,21.52
4/24/2020 16:00:00,21.95
4/27/2020 16:00:00,22.45
4/28/2020 16:00:00,22.18
4/29/2020 16:00:00,23.78
4/30/2020 16:00:00,22.29
5/1/2020 16:00:00,20.9
5/4/2020 16:00:00,20.75
5/5/2020 16:00:00,21.26
5/6/2020 16:00:00,21.89
5/7/2020 16:00:00,22.44
5/8/2020 16:00:00,23.93
5/11/2020 16:00:00,22.8
5/12/2020 16:00:00,22.56
5/13/2020 16:00:00,21.46
5/14/2020 16:00:00,22.31
5/15/2020 16:00:00,22.63
5/18/2020 16:00:00,24.81
5/19/2020 16:00:00,24.69
5/20/2020 16:00:00,25.48
5/21/2020 16:00:00,25.8
5/22/2020 16:00:00,25.98
5/26/2020 16:00:00,27.4
5/27/2020 16:00:00,27.79
5/28/2020 16:00:00,26.68
5/29/2020 16:00:00,25.88
6/1/2020 16:00:00,26.94
6/2/2020 16:00:00,27.41
6/3/2020 16:00:00,29.07
6/4/2020 16:00:00,29.16
6/5/2020 16:00:00,30.61
6/8/2020 16:00:00,30.68
6/9/2020 16:00:00,29.86
6/10/2020 16:00:00,28.75
6/11/2020 16:00:00,26.5
6/12/2020 16:00:00,27.96
6/15/2020 16:00:00,27.77
6/16/2020 16:00:00,27.78
6/17/2020 16:00:00,27.16
6/18/2020 16:00:00,27.09
6/19/2020 16:00:00,26.59
6/22/2020 16:00:00,26.37
6/23/2020 16:00:00,26.25
6/24/2020 16:00:00,25.28
6/25/2020 16:00:00,25.23
6/26/2020 16:00:00,24.46
6/29/2020 16:00:00,25.3
6/30/2020 16:00:00,25.3
7/1/2020 16:00:00,24.96
7/2/2020 16:00:00,25.24
7/6/2020 16:00:00,25.73
7/7/2020 16:00:00,25.13
7/8/2020 16:00:00,24.94
7/9/2020 16:00:00,23.42
7/10/2020 16:00:00,24.39
7/13/2020 16:00:00,24.86
7/14/2020 16:00:00,25.64
7/15/2020 16:00:00,26.88
7/16/2020 16:00:00,26.85
7/17/2020 16:00:00,26.45
7/20/2020 16:00:00,26.01
7/21/2020 16:00:00,26.15
7/22/2020 16:00:00,26.3
7/23/2020 16:00:00,26.76
7/24/2020 16:00:00,26.25
7/27/2020 16:00:00,25.7
7/28/2020 16:00:00,26.33
7/29/2020 16:00:00,25.89
7/30/2020 16:00:00,25.2
7/31/2020 16:00:00,24.89
8/3/2020 16:00:00,25.64
8/4/2020 16:00:00,25.8
8/5/2020 16:00:00,26.33
8/6/2020 16:00:00,26.62
8/7/2020 16:00:00,26.72
8/10/2020 16:00:00,27.98
8/11/2020 16:00:00,28.52
8/12/2020 16:00:00,28.03
8/13/2020 16:00:00,27.55
8/14/2020 16:00:00,27.86
8/17/2020 16:00:00,30.01
8/18/2020 16:00:00,29.84
8/19/2020 16:00:00,29.22
8/20/2020 16:00:00,28.83
8/21/2020 16:00:00,28.56
8/24/2020 16:00:00,30.31
8/25/2020 16:00:00,29.69
8/26/2020 16:00:00,29.48
8/27/2020 16:00:00,29.69
8/28/2020 16:00:00,30.02
8/31/2020 16:00:00,29.63
9/1/2020 16:00:00,29.79
9/2/2020 16:00:00,30.96
9/3/2020 16:00:00,29.48
9/4/2020 16:00:00,30
9/8/2020 16:00:00,32.38
9/9/2020 16:00:00,31.95
9/10/2020 16:00:00,30.17
9/11/2020 16:00:00,30.46
9/14/2020 16:00:00,31.18
9/15/2020 16:00:00,31.58
9/16/2020 16:00:00,31.79
9/17/2020 16:00:00,31.92
9/18/2020 16:00:00,31.5
9/21/2020 16:00:00,30
9/22/2020 16:00:00,29.44
9/23/2020 16:00:00,29.34
9/24/2020 16:00:00,29.11
9/25/2020 16:00:00,29
9/28/2020 16:00:00,29.44
9/29/2020 16:00:00,28.74
9/30/2020 16:00:00,29.59
10/1/2020 16:00:00,30.38
10/2/2020 16:00:00,30.46
10/5/2020 16:00:00,30.96
10/6/2020 16:00:00,30.4
10/7/2020 16:00:00,31.62
10/8/2020 16:00:00,32.21
10/9/2020 16:00:00,32.16
10/12/2020 16:00:00,32.21
10/13/2020 16:00:00,31.87
10/14/2020 16:00:00,31.67
10/15/2020 16:00:00,32.59
10/16/2020 16:00:00,33.45
10/19/2020 16:00:00,33.35
10/20/2020 16:00:00,35.6
10/21/2020 16:00:00,35.77
10/22/2020 16:00:00,37.41
10/23/2020 16:00:00,36.83
10/26/2020 16:00:00,35.82
10/27/2020 16:00:00,34.89
10/28/2020 16:00:00,34.09
10/29/2020 16:00:00,34.89
10/30/2020 16:00:00,34.53
11/2/2020 16:00:00,34.55
11/3/2020 16:00:00,35.35
11/4/2020 16:00:00,35.24
11/5/2020 16:00:00,37.14
11/6/2020 16:00:00,37.47
11/9/2020 16:00:00,38.96
11/10/2020 16:00:00,41.08
11/11/2020 16:00:00,40.56
11/12/2020 16:00:00,39.32
11/13/2020 16:00:00,41.19
11/16/2020 16:00:00,42.13
11/17/2020 16:00:00,41.98
11/18/2020 16:00:00,42.72
11/19/2020 16:00:00,42.82
11/20/2020 16:00:00,43.04
11/23/2020 16:00:00,44.77
11/24/2020 16:00:00,46.46
11/25/2020 16:00:00,45.46
11/27/2020 13:00:00,45.06
11/30/2020 16:00:00,43.84
12/1/2020 16:00:00,44.68
12/2/2020 16:00:00,44.58
12/3/2020 16:00:00,44.09
12/4/2020 16:00:00,44.4
12/7/2020 16:00:00,44.31
12/8/2020 16:00:00,43.8
12/9/2020 16:00:00,44.43
12/10/2020 16:00:00,42.87
12/11/2020 16:00:00,41.92
12/14/2020 16:00:00,41.62
12/15/2020 16:00:00,41.66
12/16/2020 16:00:00,41.42
12/17/2020 16:00:00,42.03
12/18/2020 16:00:00,41.01
12/21/2020 16:00:00,41.21
12/22/2020 16:00:00,40.9
12/23/2020 16:00:00,42.45
12/24/2020 13:00:00,41.58
12/28/2020 16:00:00,41.66
12/29/2020 16:00:00,41.57
12/30/2020 16:00:00,41.84
